<<<<<<< HEAD
=======
-- Create Database
DROP DATABASE IF EXISTS uwi;
CREATE DATABASE uwi;
USE uwi;
-- GRANT ALL PRIVILEGES ON uwi TO comp3161@localhost;


-- Create Tables
-- input will be updated during script creation
CREATE Table Account (UserID int, uType varchar(8), Pass varchar(255), FirstName varchar(255), LastName varchar(255));


CREATE Table Course (CourseID int, CourseName varchar(80), CourseCode varchar(255));
CREATE Table Section (CourseID int, SectionID int);
CREATE Table Item(SectionID int, ItemID int, title varchar(80), itype varchar(20));
CREATE Table Teaches(CourseID int, UserID int);

CREATE Table Assignment (AssID int, UserID int, CourseID int, Grade int, date_submit date);
CREATE Table Enroll (CourseID int, StudentID int); -- course averages

CREATE Table Event (EventID int, CourseID int, EventName varchar(255),Duedate date);


CREATE Table Forum (ForumID int, CourseID int, ForumName varchar(255));
CREATE Table Thread (ThreadID int, ForumID int, Title varchar(80), Body varchar(2048), created_by varchar(30)); -- if parentID=0, it's the main thread
CREATE Table Replies (MainThreadID int, ReplyID int, ReplyBody varchar(2048), created_by varchar(30));INSERT INTO Account (UserID, uType, Pass, FirstName, LastName) VALUES ('9000','Admin','Admin9000','Debra','Bryant');
INSERT INTO Account (UserID, uType, Pass, FirstName, LastName) VALUES ('1','Student','Laura109','Laura','Dodson');
INSERT INTO Account (UserID, uType, Pass, FirstName, LastName) VALUES ('2','Student','Julia4','Julia','Rogers');
INSERT INTO Account (UserID, uType, Pass, FirstName, LastName) VALUES ('3','Student','Brittany11','Brittany','Montgomery');
INSERT INTO Account (UserID, uType, Pass, FirstName, LastName) VALUES ('4','Student','Colin62','Colin','Jones');
INSERT INTO Account (UserID, uType, Pass, FirstName, LastName) VALUES ('5','Student','Robert131','Robert','Bright');
INSERT INTO Account (UserID, uType, Pass, FirstName, LastName) VALUES ('6','Student','Tiffany64','Tiffany','Malone');
INSERT INTO Account (UserID, uType, Pass, FirstName, LastName) VALUES ('7','Student','Elizabeth81','Elizabeth','Calderon');
INSERT INTO Account (UserID, uType, Pass, FirstName, LastName) VALUES ('8','Student','Anthony52','Anthony','Robinson');
INSERT INTO Account (UserID, uType, Pass, FirstName, LastName) VALUES ('9','Student','Ronald50','Ronald','Mckinney');
INSERT INTO Account (UserID, uType, Pass, FirstName, LastName) VALUES ('10','Student','Savannah176','Savannah','Lopez');
INSERT INTO Account (UserID, uType, Pass, FirstName, LastName) VALUES ('11','Student','Pamela80','Pamela','Harrell');
INSERT INTO Account (UserID, uType, Pass, FirstName, LastName) VALUES ('12','Student','Brett37','Brett','Lyons');
INSERT INTO Account (UserID, uType, Pass, FirstName, LastName) VALUES ('13','Student','Nathan99','Nathan','Hayes');
INSERT INTO Account (UserID, uType, Pass, FirstName, LastName) VALUES ('14','Student','Sandra125','Sandra','Stone');
INSERT INTO Account (UserID, uType, Pass, FirstName, LastName) VALUES ('15','Student','Tristan182','Tristan','Jordan');
INSERT INTO Account (UserID, uType, Pass, FirstName, LastName) VALUES ('16','Student','Lisa34','Lisa','Brown');
INSERT INTO Account (UserID, uType, Pass, FirstName, LastName) VALUES ('17','Student','Mark123','Mark','Carroll');
INSERT INTO Account (UserID, uType, Pass, FirstName, LastName) VALUES ('18','Student','Jeremy132','Jeremy','Davis');
INSERT INTO Account (UserID, uType, Pass, FirstName, LastName) VALUES ('19','Student','Heather163','Heather','Turner');
INSERT INTO Account (UserID, uType, Pass, FirstName, LastName) VALUES ('20','Student','Toni181','Toni','Williamson');
INSERT INTO Account (UserID, uType, Pass, FirstName, LastName) VALUES ('21','Student','Larry31','Larry','Freeman');
INSERT INTO Account (UserID, uType, Pass, FirstName, LastName) VALUES ('22','Student','Breanna198','Breanna','Cameron');
INSERT INTO Account (UserID, uType, Pass, FirstName, LastName) VALUES ('23','Student','Brian119','Brian','Brown');
INSERT INTO Account (UserID, uType, Pass, FirstName, LastName) VALUES ('24','Student','Cristina26','Cristina','Rush');
INSERT INTO Account (UserID, uType, Pass, FirstName, LastName) VALUES ('25','Student','Timothy29','Timothy','Mcguire');
INSERT INTO Account (UserID, uType, Pass, FirstName, LastName) VALUES ('26','Student','Adam122','Adam','Melton');
INSERT INTO Account (UserID, uType, Pass, FirstName, LastName) VALUES ('27','Student','James156','James','Murillo');
INSERT INTO Account (UserID, uType, Pass, FirstName, LastName) VALUES ('28','Student','Sarah145','Sarah','Hayes');
INSERT INTO Account (UserID, uType, Pass, FirstName, LastName) VALUES ('29','Student','Jaime140','Jaime','Armstrong');
INSERT INTO Account (UserID, uType, Pass, FirstName, LastName) VALUES ('30','Student','Crystal73','Crystal','Howell');
INSERT INTO Account (UserID, uType, Pass, FirstName, LastName) VALUES ('31','Student','Charles58','Charles','Mullins');
INSERT INTO Account (UserID, uType, Pass, FirstName, LastName) VALUES ('32','Student','Angela181','Angela','Briggs');
INSERT INTO Account (UserID, uType, Pass, FirstName, LastName) VALUES ('33','Student','Timothy65','Timothy','Travis');
INSERT INTO Account (UserID, uType, Pass, FirstName, LastName) VALUES ('34','Student','Jennifer171','Jennifer','Logan');
INSERT INTO Account (UserID, uType, Pass, FirstName, LastName) VALUES ('35','Student','Sandra132','Sandra','Robinson');
INSERT INTO Account (UserID, uType, Pass, FirstName, LastName) VALUES ('36','Student','Angela148','Angela','Cunningham');
INSERT INTO Account (UserID, uType, Pass, FirstName, LastName) VALUES ('37','Student','Daniel88','Daniel','Levy');
INSERT INTO Account (UserID, uType, Pass, FirstName, LastName) VALUES ('38','Student','Michael49','Michael','Orozco');
INSERT INTO Account (UserID, uType, Pass, FirstName, LastName) VALUES ('39','Student','Eric133','Eric','Johnson');
INSERT INTO Account (UserID, uType, Pass, FirstName, LastName) VALUES ('40','Student','Christopher181','Christopher','Espinoza');
INSERT INTO Account (UserID, uType, Pass, FirstName, LastName) VALUES ('41','Student','Andrew27','Andrew','Berg');
INSERT INTO Account (UserID, uType, Pass, FirstName, LastName) VALUES ('42','Student','Amanda39','Amanda','Davila');
INSERT INTO Account (UserID, uType, Pass, FirstName, LastName) VALUES ('43','Student','Jeffrey52','Jeffrey','Houston');
INSERT INTO Account (UserID, uType, Pass, FirstName, LastName) VALUES ('44','Student','Catherine55','Catherine','Brown');
INSERT INTO Account (UserID, uType, Pass, FirstName, LastName) VALUES ('45','Student','Rachel97','Rachel','Caldwell');
INSERT INTO Account (UserID, uType, Pass, FirstName, LastName) VALUES ('46','Student','Jennifer163','Jennifer','Mckenzie');
INSERT INTO Account (UserID, uType, Pass, FirstName, LastName) VALUES ('47','Student','Stacey9','Stacey','Nelson');
INSERT INTO Account (UserID, uType, Pass, FirstName, LastName) VALUES ('48','Student','Dwayne144','Dwayne','Smith');
INSERT INTO Account (UserID, uType, Pass, FirstName, LastName) VALUES ('49','Student','Emily9','Emily','Brooks');
INSERT INTO Account (UserID, uType, Pass, FirstName, LastName) VALUES ('50','Student','Jeff144','Jeff','Williams');
INSERT INTO Account (UserID, uType, Pass, FirstName, LastName) VALUES ('51','Student','Nicholas172','Nicholas','Davila');
INSERT INTO Account (UserID, uType, Pass, FirstName, LastName) VALUES ('52','Student','Samuel170','Samuel','Ortiz');
INSERT INTO Account (UserID, uType, Pass, FirstName, LastName) VALUES ('53','Student','Amanda54','Amanda','Soto');
INSERT INTO Account (UserID, uType, Pass, FirstName, LastName) VALUES ('54','Student','Brandon160','Brandon','Little');
INSERT INTO Account (UserID, uType, Pass, FirstName, LastName) VALUES ('55','Student','Tommy124','Tommy','Cruz');
INSERT INTO Account (UserID, uType, Pass, FirstName, LastName) VALUES ('56','Student','Andrea17','Andrea','Thomas');
INSERT INTO Account (UserID, uType, Pass, FirstName, LastName) VALUES ('57','Student','Kimberly38','Kimberly','Cline');
INSERT INTO Account (UserID, uType, Pass, FirstName, LastName) VALUES ('58','Student','Eric6','Eric','Zhang');
INSERT INTO Account (UserID, uType, Pass, FirstName, LastName) VALUES ('59','Student','Linda100','Linda','Parks');
INSERT INTO Account (UserID, uType, Pass, FirstName, LastName) VALUES ('60','Student','Raymond93','Raymond','Allen');
INSERT INTO Account (UserID, uType, Pass, FirstName, LastName) VALUES ('61','Student','Brian66','Brian','Shannon');
INSERT INTO Account (UserID, uType, Pass, FirstName, LastName) VALUES ('62','Student','Mary27','Mary','Snow');
INSERT INTO Account (UserID, uType, Pass, FirstName, LastName) VALUES ('63','Student','Jay112','Jay','Smith');
INSERT INTO Account (UserID, uType, Pass, FirstName, LastName) VALUES ('64','Student','Christina166','Christina','Delgado');
INSERT INTO Account (UserID, uType, Pass, FirstName, LastName) VALUES ('65','Student','Erik116','Erik','Cook');
INSERT INTO Account (UserID, uType, Pass, FirstName, LastName) VALUES ('66','Student','Jessica18','Jessica','Mullins');
INSERT INTO Account (UserID, uType, Pass, FirstName, LastName) VALUES ('67','Student','Ernest74','Ernest','Adkins');
INSERT INTO Account (UserID, uType, Pass, FirstName, LastName) VALUES ('68','Student','Kayla60','Kayla','Perkins');
INSERT INTO Account (UserID, uType, Pass, FirstName, LastName) VALUES ('69','Student','Mark165','Mark','Ward');
INSERT INTO Account (UserID, uType, Pass, FirstName, LastName) VALUES ('70','Student','Michael50','Michael','Johnson');
INSERT INTO Account (UserID, uType, Pass, FirstName, LastName) VALUES ('71','Student','Craig88','Craig','Hendrix');
INSERT INTO Account (UserID, uType, Pass, FirstName, LastName) VALUES ('72','Student','Joyce94','Joyce','Parsons');
INSERT INTO Account (UserID, uType, Pass, FirstName, LastName) VALUES ('73','Student','Rhonda85','Rhonda','French');
INSERT INTO Account (UserID, uType, Pass, FirstName, LastName) VALUES ('74','Student','Natasha33','Natasha','Campbell');
INSERT INTO Account (UserID, uType, Pass, FirstName, LastName) VALUES ('75','Student','John101','John','Sandoval');
INSERT INTO Account (UserID, uType, Pass, FirstName, LastName) VALUES ('76','Student','Jody68','Jody','Miller');
INSERT INTO Account (UserID, uType, Pass, FirstName, LastName) VALUES ('77','Student','Marcus3','Marcus','Wang');
INSERT INTO Account (UserID, uType, Pass, FirstName, LastName) VALUES ('78','Student','Karen60','Karen','Baker');
INSERT INTO Account (UserID, uType, Pass, FirstName, LastName) VALUES ('79','Student','Jennifer46','Jennifer','Pearson');
INSERT INTO Account (UserID, uType, Pass, FirstName, LastName) VALUES ('80','Student','Stephen148','Stephen','Rodriguez');
INSERT INTO Account (UserID, uType, Pass, FirstName, LastName) VALUES ('81','Student','Joanna20','Joanna','Miller');
INSERT INTO Account (UserID, uType, Pass, FirstName, LastName) VALUES ('82','Student','Evelyn77','Evelyn','Blake');
INSERT INTO Account (UserID, uType, Pass, FirstName, LastName) VALUES ('83','Student','Rick181','Rick','Smith');
INSERT INTO Account (UserID, uType, Pass, FirstName, LastName) VALUES ('84','Student','Sarah135','Sarah','Perez');
INSERT INTO Account (UserID, uType, Pass, FirstName, LastName) VALUES ('85','Student','Timothy60','Timothy','Bailey');
INSERT INTO Account (UserID, uType, Pass, FirstName, LastName) VALUES ('86','Student','Frances118','Frances','Austin');
INSERT INTO Account (UserID, uType, Pass, FirstName, LastName) VALUES ('87','Student','Jacob162','Jacob','Sanders');
INSERT INTO Account (UserID, uType, Pass, FirstName, LastName) VALUES ('88','Student','Lindsey122','Lindsey','Jones');
INSERT INTO Account (UserID, uType, Pass, FirstName, LastName) VALUES ('89','Student','Brandon135','Brandon','Walton');
INSERT INTO Account (UserID, uType, Pass, FirstName, LastName) VALUES ('90','Student','Jennifer15','Jennifer','Rivera');
INSERT INTO Account (UserID, uType, Pass, FirstName, LastName) VALUES ('91','Student','Alex199','Alex','Mueller');
INSERT INTO Account (UserID, uType, Pass, FirstName, LastName) VALUES ('92','Student','Alyssa104','Alyssa','Collins');
INSERT INTO Account (UserID, uType, Pass, FirstName, LastName) VALUES ('93','Student','Joanna197','Joanna','Roberts');
INSERT INTO Account (UserID, uType, Pass, FirstName, LastName) VALUES ('94','Student','Ronald159','Ronald','Lewis');
INSERT INTO Account (UserID, uType, Pass, FirstName, LastName) VALUES ('95','Student','Brad184','Brad','Vazquez');
INSERT INTO Account (UserID, uType, Pass, FirstName, LastName) VALUES ('96','Student','Kurt56','Kurt','Massey');
INSERT INTO Account (UserID, uType, Pass, FirstName, LastName) VALUES ('97','Student','Erin60','Erin','Ramos');
INSERT INTO Account (UserID, uType, Pass, FirstName, LastName) VALUES ('98','Student','Wendy18','Wendy','Bowman');
INSERT INTO Account (UserID, uType, Pass, FirstName, LastName) VALUES ('99','Student','Shawn198','Shawn','Williams');
INSERT INTO Account (UserID, uType, Pass, FirstName, LastName) VALUES ('100','Student','Stephen80','Stephen','Henson');
INSERT INTO Account (UserID, uType, Pass, FirstName, LastName) VALUES ('1038','Lecturer','Melanie13','Melanie','West');
INSERT INTO Account (UserID, uType, Pass, FirstName, LastName) VALUES ('1022','Lecturer','Melissa19','Melissa','Benitez');
INSERT INTO Account (UserID, uType, Pass, FirstName, LastName) VALUES ('1015','Lecturer','Olivia17','Olivia','Gregory');
INSERT INTO Course (CourseID, CourseName, CourseCode) VALUES ('3001','Real-Time Embedded Systems','COMP3020');
INSERT INTO Course (CourseID, CourseName, CourseCode) VALUES ('3002','Real-Time Embedded Systems','COMP3020');
INSERT INTO Course (CourseID, CourseName, CourseCode) VALUES ('3003','Real-Time Embedded Systems','COMP3020');
INSERT INTO Course (CourseID, CourseName, CourseCode) VALUES ('3004','Real-Time Embedded Systems','COMP3020');
INSERT INTO Course (CourseID, CourseName, CourseCode) VALUES ('3005','Real-Time Embedded Systems','COMP3020');
INSERT INTO Course (CourseID, CourseName, CourseCode) VALUES ('3006','Real-Time Embedded Systems','COMP3020');
INSERT INTO Course (CourseID, CourseName, CourseCode) VALUES ('3007','Real-Time Embedded Systems','COMP3020');
INSERT INTO Course (CourseID, CourseName, CourseCode) VALUES ('3008','Real-Time Embedded Systems','COMP3020');
INSERT INTO Course (CourseID, CourseName, CourseCode) VALUES ('3009','Real-Time Embedded Systems','COMP3020');
INSERT INTO Course (CourseID, CourseName, CourseCode) VALUES ('3010','Real-Time Embedded Systems','COMP3020');
INSERT INTO Course (CourseID, CourseName, CourseCode) VALUES ('3011','Real-Time Embedded Systems','COMP3020');
INSERT INTO Course (CourseID, CourseName, CourseCode) VALUES ('3012','Real-Time Embedded Systems','COMP3020');
INSERT INTO Course (CourseID, CourseName, CourseCode) VALUES ('3013','Real-Time Embedded Systems','COMP3020');
INSERT INTO Course (CourseID, CourseName, CourseCode) VALUES ('3014','Real-Time Embedded Systems','COMP3020');
INSERT INTO Course (CourseID, CourseName, CourseCode) VALUES ('3015','Real-Time Embedded Systems','COMP3020');
INSERT INTO Course (CourseID, CourseName, CourseCode) VALUES ('3016','Real-Time Embedded Systems','COMP3020');
INSERT INTO Course (CourseID, CourseName, CourseCode) VALUES ('3017','Real-Time Embedded Systems','COMP3020');
INSERT INTO Course (CourseID, CourseName, CourseCode) VALUES ('3018','Real-Time Embedded Systems','COMP3020');
INSERT INTO Course (CourseID, CourseName, CourseCode) VALUES ('3019','Real-Time Embedded Systems','COMP3020');
INSERT INTO Course (CourseID, CourseName, CourseCode) VALUES ('3020','Real-Time Embedded Systems','COMP3020');
INSERT INTO Section(CourseID, SectionID) VALUES ('3001','1');
INSERT INTO Section(CourseID, SectionID) VALUES ('3001','2');
INSERT INTO Section(CourseID, SectionID) VALUES ('3002','1');
INSERT INTO Section(CourseID, SectionID) VALUES ('3002','2');
INSERT INTO Section(CourseID, SectionID) VALUES ('3003','1');
INSERT INTO Section(CourseID, SectionID) VALUES ('3003','2');
INSERT INTO Section(CourseID, SectionID) VALUES ('3004','1');
INSERT INTO Section(CourseID, SectionID) VALUES ('3004','2');
INSERT INTO Section(CourseID, SectionID) VALUES ('3005','1');
INSERT INTO Section(CourseID, SectionID) VALUES ('3005','2');
INSERT INTO Section(CourseID, SectionID) VALUES ('3006','1');
INSERT INTO Section(CourseID, SectionID) VALUES ('3006','2');
INSERT INTO Section(CourseID, SectionID) VALUES ('3007','1');
INSERT INTO Section(CourseID, SectionID) VALUES ('3007','2');
INSERT INTO Section(CourseID, SectionID) VALUES ('3008','1');
INSERT INTO Section(CourseID, SectionID) VALUES ('3008','2');
INSERT INTO Section(CourseID, SectionID) VALUES ('3009','1');
INSERT INTO Section(CourseID, SectionID) VALUES ('3009','2');
INSERT INTO Section(CourseID, SectionID) VALUES ('3010','1');
INSERT INTO Section(CourseID, SectionID) VALUES ('3010','2');
INSERT INTO Section(CourseID, SectionID) VALUES ('3011','1');
INSERT INTO Section(CourseID, SectionID) VALUES ('3011','2');
INSERT INTO Section(CourseID, SectionID) VALUES ('3012','1');
INSERT INTO Section(CourseID, SectionID) VALUES ('3012','2');
INSERT INTO Section(CourseID, SectionID) VALUES ('3013','1');
INSERT INTO Section(CourseID, SectionID) VALUES ('3013','2');
INSERT INTO Section(CourseID, SectionID) VALUES ('3014','1');
INSERT INTO Section(CourseID, SectionID) VALUES ('3014','2');
INSERT INTO Section(CourseID, SectionID) VALUES ('3015','1');
INSERT INTO Section(CourseID, SectionID) VALUES ('3015','2');
INSERT INTO Section(CourseID, SectionID) VALUES ('3016','1');
INSERT INTO Section(CourseID, SectionID) VALUES ('3016','2');
INSERT INTO Section(CourseID, SectionID) VALUES ('3017','1');
INSERT INTO Section(CourseID, SectionID) VALUES ('3017','2');
INSERT INTO Section(CourseID, SectionID) VALUES ('3018','1');
INSERT INTO Section(CourseID, SectionID) VALUES ('3018','2');
INSERT INTO Section(CourseID, SectionID) VALUES ('3019','1');
INSERT INTO Section(CourseID, SectionID) VALUES ('3019','2');
INSERT INTO Section(CourseID, SectionID) VALUES ('3020','1');
INSERT INTO Section(CourseID, SectionID) VALUES ('3020','2');
INSERT INTO Item(SectionID,ItemID,title,itype) VALUES ('1','20','Learning File 0','slide');
INSERT INTO Item(SectionID,ItemID,title,itype) VALUES ('1','21','Learning File 1','link');
INSERT INTO Item(SectionID,ItemID,title,itype) VALUES ('1','22','Learning File 2','link');
INSERT INTO Item(SectionID,ItemID,title,itype) VALUES ('1','23','Learning File 3','slide');
INSERT INTO Item(SectionID,ItemID,title,itype) VALUES ('2','20','Learning File 0','link');
INSERT INTO Item(SectionID,ItemID,title,itype) VALUES ('2','21','Learning File 1','link');
INSERT INTO Item(SectionID,ItemID,title,itype) VALUES ('2','22','Learning File 2','slide');
INSERT INTO Item(SectionID,ItemID,title,itype) VALUES ('2','23','Learning File 3','link');
INSERT INTO Item(SectionID,ItemID,title,itype) VALUES ('1','20','Learning File 0','file');
INSERT INTO Item(SectionID,ItemID,title,itype) VALUES ('1','21','Learning File 1','file');
INSERT INTO Item(SectionID,ItemID,title,itype) VALUES ('1','22','Learning File 2','link');
INSERT INTO Item(SectionID,ItemID,title,itype) VALUES ('1','23','Learning File 3','file');
INSERT INTO Item(SectionID,ItemID,title,itype) VALUES ('2','20','Learning File 0','slide');
INSERT INTO Item(SectionID,ItemID,title,itype) VALUES ('2','21','Learning File 1','link');
INSERT INTO Item(SectionID,ItemID,title,itype) VALUES ('2','22','Learning File 2','file');
INSERT INTO Item(SectionID,ItemID,title,itype) VALUES ('2','23','Learning File 3','link');
INSERT INTO Item(SectionID,ItemID,title,itype) VALUES ('1','20','Learning File 0','slide');
INSERT INTO Item(SectionID,ItemID,title,itype) VALUES ('1','21','Learning File 1','slide');
INSERT INTO Item(SectionID,ItemID,title,itype) VALUES ('1','22','Learning File 2','slide');
INSERT INTO Item(SectionID,ItemID,title,itype) VALUES ('1','23','Learning File 3','link');
INSERT INTO Item(SectionID,ItemID,title,itype) VALUES ('2','20','Learning File 0','file');
INSERT INTO Item(SectionID,ItemID,title,itype) VALUES ('2','21','Learning File 1','slide');
INSERT INTO Item(SectionID,ItemID,title,itype) VALUES ('2','22','Learning File 2','link');
INSERT INTO Item(SectionID,ItemID,title,itype) VALUES ('2','23','Learning File 3','file');
INSERT INTO Item(SectionID,ItemID,title,itype) VALUES ('1','20','Learning File 0','slide');
INSERT INTO Item(SectionID,ItemID,title,itype) VALUES ('1','21','Learning File 1','link');
INSERT INTO Item(SectionID,ItemID,title,itype) VALUES ('1','22','Learning File 2','slide');
INSERT INTO Item(SectionID,ItemID,title,itype) VALUES ('1','23','Learning File 3','file');
INSERT INTO Item(SectionID,ItemID,title,itype) VALUES ('2','20','Learning File 0','slide');
INSERT INTO Item(SectionID,ItemID,title,itype) VALUES ('2','21','Learning File 1','file');
INSERT INTO Item(SectionID,ItemID,title,itype) VALUES ('2','22','Learning File 2','link');
INSERT INTO Item(SectionID,ItemID,title,itype) VALUES ('2','23','Learning File 3','slide');
INSERT INTO Item(SectionID,ItemID,title,itype) VALUES ('1','20','Learning File 0','file');
INSERT INTO Item(SectionID,ItemID,title,itype) VALUES ('1','21','Learning File 1','link');
INSERT INTO Item(SectionID,ItemID,title,itype) VALUES ('1','22','Learning File 2','link');
INSERT INTO Item(SectionID,ItemID,title,itype) VALUES ('1','23','Learning File 3','file');
INSERT INTO Item(SectionID,ItemID,title,itype) VALUES ('2','20','Learning File 0','slide');
INSERT INTO Item(SectionID,ItemID,title,itype) VALUES ('2','21','Learning File 1','slide');
INSERT INTO Item(SectionID,ItemID,title,itype) VALUES ('2','22','Learning File 2','slide');
INSERT INTO Item(SectionID,ItemID,title,itype) VALUES ('2','23','Learning File 3','file');
INSERT INTO Item(SectionID,ItemID,title,itype) VALUES ('1','20','Learning File 0','link');
INSERT INTO Item(SectionID,ItemID,title,itype) VALUES ('1','21','Learning File 1','slide');
INSERT INTO Item(SectionID,ItemID,title,itype) VALUES ('1','22','Learning File 2','file');
INSERT INTO Item(SectionID,ItemID,title,itype) VALUES ('1','23','Learning File 3','file');
INSERT INTO Item(SectionID,ItemID,title,itype) VALUES ('2','20','Learning File 0','file');
INSERT INTO Item(SectionID,ItemID,title,itype) VALUES ('2','21','Learning File 1','file');
INSERT INTO Item(SectionID,ItemID,title,itype) VALUES ('2','22','Learning File 2','file');
INSERT INTO Item(SectionID,ItemID,title,itype) VALUES ('2','23','Learning File 3','file');
INSERT INTO Item(SectionID,ItemID,title,itype) VALUES ('1','20','Learning File 0','link');
INSERT INTO Item(SectionID,ItemID,title,itype) VALUES ('1','21','Learning File 1','slide');
INSERT INTO Item(SectionID,ItemID,title,itype) VALUES ('1','22','Learning File 2','file');
INSERT INTO Item(SectionID,ItemID,title,itype) VALUES ('1','23','Learning File 3','slide');
INSERT INTO Item(SectionID,ItemID,title,itype) VALUES ('2','20','Learning File 0','slide');
INSERT INTO Item(SectionID,ItemID,title,itype) VALUES ('2','21','Learning File 1','file');
INSERT INTO Item(SectionID,ItemID,title,itype) VALUES ('2','22','Learning File 2','file');
INSERT INTO Item(SectionID,ItemID,title,itype) VALUES ('2','23','Learning File 3','file');
INSERT INTO Item(SectionID,ItemID,title,itype) VALUES ('1','20','Learning File 0','file');
INSERT INTO Item(SectionID,ItemID,title,itype) VALUES ('1','21','Learning File 1','link');
INSERT INTO Item(SectionID,ItemID,title,itype) VALUES ('1','22','Learning File 2','file');
INSERT INTO Item(SectionID,ItemID,title,itype) VALUES ('1','23','Learning File 3','file');
INSERT INTO Item(SectionID,ItemID,title,itype) VALUES ('2','20','Learning File 0','file');
INSERT INTO Item(SectionID,ItemID,title,itype) VALUES ('2','21','Learning File 1','link');
INSERT INTO Item(SectionID,ItemID,title,itype) VALUES ('2','22','Learning File 2','file');
INSERT INTO Item(SectionID,ItemID,title,itype) VALUES ('2','23','Learning File 3','link');
INSERT INTO Item(SectionID,ItemID,title,itype) VALUES ('1','20','Learning File 0','file');
INSERT INTO Item(SectionID,ItemID,title,itype) VALUES ('1','21','Learning File 1','slide');
INSERT INTO Item(SectionID,ItemID,title,itype) VALUES ('1','22','Learning File 2','file');
INSERT INTO Item(SectionID,ItemID,title,itype) VALUES ('1','23','Learning File 3','slide');
INSERT INTO Item(SectionID,ItemID,title,itype) VALUES ('2','20','Learning File 0','slide');
INSERT INTO Item(SectionID,ItemID,title,itype) VALUES ('2','21','Learning File 1','slide');
INSERT INTO Item(SectionID,ItemID,title,itype) VALUES ('2','22','Learning File 2','slide');
INSERT INTO Item(SectionID,ItemID,title,itype) VALUES ('2','23','Learning File 3','link');
INSERT INTO Item(SectionID,ItemID,title,itype) VALUES ('1','20','Learning File 0','slide');
INSERT INTO Item(SectionID,ItemID,title,itype) VALUES ('1','21','Learning File 1','slide');
INSERT INTO Item(SectionID,ItemID,title,itype) VALUES ('1','22','Learning File 2','slide');
INSERT INTO Item(SectionID,ItemID,title,itype) VALUES ('1','23','Learning File 3','file');
INSERT INTO Item(SectionID,ItemID,title,itype) VALUES ('2','20','Learning File 0','slide');
INSERT INTO Item(SectionID,ItemID,title,itype) VALUES ('2','21','Learning File 1','slide');
INSERT INTO Item(SectionID,ItemID,title,itype) VALUES ('2','22','Learning File 2','link');
INSERT INTO Item(SectionID,ItemID,title,itype) VALUES ('2','23','Learning File 3','slide');
INSERT INTO Item(SectionID,ItemID,title,itype) VALUES ('1','20','Learning File 0','link');
INSERT INTO Item(SectionID,ItemID,title,itype) VALUES ('1','21','Learning File 1','slide');
INSERT INTO Item(SectionID,ItemID,title,itype) VALUES ('1','22','Learning File 2','link');
INSERT INTO Item(SectionID,ItemID,title,itype) VALUES ('1','23','Learning File 3','file');
INSERT INTO Item(SectionID,ItemID,title,itype) VALUES ('2','20','Learning File 0','link');
INSERT INTO Item(SectionID,ItemID,title,itype) VALUES ('2','21','Learning File 1','slide');
INSERT INTO Item(SectionID,ItemID,title,itype) VALUES ('2','22','Learning File 2','file');
INSERT INTO Item(SectionID,ItemID,title,itype) VALUES ('2','23','Learning File 3','slide');
INSERT INTO Item(SectionID,ItemID,title,itype) VALUES ('1','20','Learning File 0','file');
INSERT INTO Item(SectionID,ItemID,title,itype) VALUES ('1','21','Learning File 1','link');
INSERT INTO Item(SectionID,ItemID,title,itype) VALUES ('1','22','Learning File 2','slide');
INSERT INTO Item(SectionID,ItemID,title,itype) VALUES ('1','23','Learning File 3','link');
INSERT INTO Item(SectionID,ItemID,title,itype) VALUES ('2','20','Learning File 0','link');
INSERT INTO Item(SectionID,ItemID,title,itype) VALUES ('2','21','Learning File 1','link');
INSERT INTO Item(SectionID,ItemID,title,itype) VALUES ('2','22','Learning File 2','slide');
INSERT INTO Item(SectionID,ItemID,title,itype) VALUES ('2','23','Learning File 3','link');
INSERT INTO Item(SectionID,ItemID,title,itype) VALUES ('1','20','Learning File 0','file');
INSERT INTO Item(SectionID,ItemID,title,itype) VALUES ('1','21','Learning File 1','slide');
INSERT INTO Item(SectionID,ItemID,title,itype) VALUES ('1','22','Learning File 2','link');
INSERT INTO Item(SectionID,ItemID,title,itype) VALUES ('1','23','Learning File 3','file');
INSERT INTO Item(SectionID,ItemID,title,itype) VALUES ('2','20','Learning File 0','link');
INSERT INTO Item(SectionID,ItemID,title,itype) VALUES ('2','21','Learning File 1','slide');
INSERT INTO Item(SectionID,ItemID,title,itype) VALUES ('2','22','Learning File 2','link');
INSERT INTO Item(SectionID,ItemID,title,itype) VALUES ('2','23','Learning File 3','file');
INSERT INTO Item(SectionID,ItemID,title,itype) VALUES ('1','20','Learning File 0','link');
INSERT INTO Item(SectionID,ItemID,title,itype) VALUES ('1','21','Learning File 1','link');
INSERT INTO Item(SectionID,ItemID,title,itype) VALUES ('1','22','Learning File 2','slide');
INSERT INTO Item(SectionID,ItemID,title,itype) VALUES ('1','23','Learning File 3','file');
INSERT INTO Item(SectionID,ItemID,title,itype) VALUES ('2','20','Learning File 0','slide');
INSERT INTO Item(SectionID,ItemID,title,itype) VALUES ('2','21','Learning File 1','slide');
INSERT INTO Item(SectionID,ItemID,title,itype) VALUES ('2','22','Learning File 2','file');
INSERT INTO Item(SectionID,ItemID,title,itype) VALUES ('2','23','Learning File 3','link');
INSERT INTO Item(SectionID,ItemID,title,itype) VALUES ('1','20','Learning File 0','file');
INSERT INTO Item(SectionID,ItemID,title,itype) VALUES ('1','21','Learning File 1','link');
INSERT INTO Item(SectionID,ItemID,title,itype) VALUES ('1','22','Learning File 2','slide');
INSERT INTO Item(SectionID,ItemID,title,itype) VALUES ('1','23','Learning File 3','file');
INSERT INTO Item(SectionID,ItemID,title,itype) VALUES ('2','20','Learning File 0','file');
INSERT INTO Item(SectionID,ItemID,title,itype) VALUES ('2','21','Learning File 1','slide');
INSERT INTO Item(SectionID,ItemID,title,itype) VALUES ('2','22','Learning File 2','slide');
INSERT INTO Item(SectionID,ItemID,title,itype) VALUES ('2','23','Learning File 3','slide');
INSERT INTO Item(SectionID,ItemID,title,itype) VALUES ('1','20','Learning File 0','link');
INSERT INTO Item(SectionID,ItemID,title,itype) VALUES ('1','21','Learning File 1','file');
INSERT INTO Item(SectionID,ItemID,title,itype) VALUES ('1','22','Learning File 2','link');
INSERT INTO Item(SectionID,ItemID,title,itype) VALUES ('1','23','Learning File 3','slide');
INSERT INTO Item(SectionID,ItemID,title,itype) VALUES ('2','20','Learning File 0','slide');
INSERT INTO Item(SectionID,ItemID,title,itype) VALUES ('2','21','Learning File 1','slide');
INSERT INTO Item(SectionID,ItemID,title,itype) VALUES ('2','22','Learning File 2','file');
INSERT INTO Item(SectionID,ItemID,title,itype) VALUES ('2','23','Learning File 3','link');
INSERT INTO Item(SectionID,ItemID,title,itype) VALUES ('1','20','Learning File 0','slide');
INSERT INTO Item(SectionID,ItemID,title,itype) VALUES ('1','21','Learning File 1','slide');
INSERT INTO Item(SectionID,ItemID,title,itype) VALUES ('1','22','Learning File 2','slide');
INSERT INTO Item(SectionID,ItemID,title,itype) VALUES ('1','23','Learning File 3','file');
INSERT INTO Item(SectionID,ItemID,title,itype) VALUES ('2','20','Learning File 0','file');
INSERT INTO Item(SectionID,ItemID,title,itype) VALUES ('2','21','Learning File 1','file');
INSERT INTO Item(SectionID,ItemID,title,itype) VALUES ('2','22','Learning File 2','slide');
INSERT INTO Item(SectionID,ItemID,title,itype) VALUES ('2','23','Learning File 3','file');
INSERT INTO Item(SectionID,ItemID,title,itype) VALUES ('1','20','Learning File 0','link');
INSERT INTO Item(SectionID,ItemID,title,itype) VALUES ('1','21','Learning File 1','file');
INSERT INTO Item(SectionID,ItemID,title,itype) VALUES ('1','22','Learning File 2','slide');
INSERT INTO Item(SectionID,ItemID,title,itype) VALUES ('1','23','Learning File 3','link');
INSERT INTO Item(SectionID,ItemID,title,itype) VALUES ('2','20','Learning File 0','slide');
INSERT INTO Item(SectionID,ItemID,title,itype) VALUES ('2','21','Learning File 1','file');
INSERT INTO Item(SectionID,ItemID,title,itype) VALUES ('2','22','Learning File 2','link');
INSERT INTO Item(SectionID,ItemID,title,itype) VALUES ('2','23','Learning File 3','link');
INSERT INTO Item(SectionID,ItemID,title,itype) VALUES ('1','20','Learning File 0','link');
INSERT INTO Item(SectionID,ItemID,title,itype) VALUES ('1','21','Learning File 1','slide');
INSERT INTO Item(SectionID,ItemID,title,itype) VALUES ('1','22','Learning File 2','file');
INSERT INTO Item(SectionID,ItemID,title,itype) VALUES ('1','23','Learning File 3','file');
INSERT INTO Item(SectionID,ItemID,title,itype) VALUES ('2','20','Learning File 0','slide');
INSERT INTO Item(SectionID,ItemID,title,itype) VALUES ('2','21','Learning File 1','link');
INSERT INTO Item(SectionID,ItemID,title,itype) VALUES ('2','22','Learning File 2','link');
INSERT INTO Item(SectionID,ItemID,title,itype) VALUES ('2','23','Learning File 3','slide');
INSERT INTO Item(SectionID,ItemID,title,itype) VALUES ('1','20','Learning File 0','file');
INSERT INTO Item(SectionID,ItemID,title,itype) VALUES ('1','21','Learning File 1','file');
INSERT INTO Item(SectionID,ItemID,title,itype) VALUES ('1','22','Learning File 2','link');
INSERT INTO Item(SectionID,ItemID,title,itype) VALUES ('1','23','Learning File 3','slide');
INSERT INTO Item(SectionID,ItemID,title,itype) VALUES ('2','20','Learning File 0','slide');
INSERT INTO Item(SectionID,ItemID,title,itype) VALUES ('2','21','Learning File 1','file');
INSERT INTO Item(SectionID,ItemID,title,itype) VALUES ('2','22','Learning File 2','file');
INSERT INTO Item(SectionID,ItemID,title,itype) VALUES ('2','23','Learning File 3','link');
INSERT INTO Teaches (CourseID, UserID) VALUES ('3001','1038');
INSERT INTO Teaches (CourseID, UserID) VALUES ('3002','1022');
INSERT INTO Teaches (CourseID, UserID) VALUES ('3003','1015');
INSERT INTO Teaches (CourseID, UserID) VALUES ('3004','1038');
INSERT INTO Teaches (CourseID, UserID) VALUES ('3005','1022');
INSERT INTO Teaches (CourseID, UserID) VALUES ('3006','1015');
INSERT INTO Teaches (CourseID, UserID) VALUES ('3007','1038');
INSERT INTO Teaches (CourseID, UserID) VALUES ('3008','1022');
INSERT INTO Teaches (CourseID, UserID) VALUES ('3009','1015');
INSERT INTO Teaches (CourseID, UserID) VALUES ('3010','1038');
INSERT INTO Teaches (CourseID, UserID) VALUES ('3011','1022');
INSERT INTO Teaches (CourseID, UserID) VALUES ('3012','1015');
INSERT INTO Teaches (CourseID, UserID) VALUES ('3013','1038');
INSERT INTO Teaches (CourseID, UserID) VALUES ('3014','1022');
INSERT INTO Teaches (CourseID, UserID) VALUES ('3015','1015');
INSERT INTO Teaches (CourseID, UserID) VALUES ('3016','1038');
INSERT INTO Teaches (CourseID, UserID) VALUES ('3017','1022');
INSERT INTO Teaches (CourseID, UserID) VALUES ('3018','1015');
INSERT INTO Teaches (CourseID, UserID) VALUES ('3019','1038');
INSERT INTO Teaches (CourseID, UserID) VALUES ('3020','1022');
INSERT INTO Enroll (CourseID, StudentID) VALUES ('3013','4');
INSERT INTO Enroll (CourseID, StudentID) VALUES ('3007','4');
INSERT INTO Enroll (CourseID, StudentID) VALUES ('3013','4');
INSERT INTO Enroll (CourseID, StudentID) VALUES ('3004','6');
INSERT INTO Enroll (CourseID, StudentID) VALUES ('3004','7');
INSERT INTO Enroll (CourseID, StudentID) VALUES ('3011','7');
INSERT INTO Enroll (CourseID, StudentID) VALUES ('3004','7');
INSERT INTO Enroll (CourseID, StudentID) VALUES ('3002','11');
INSERT INTO Enroll (CourseID, StudentID) VALUES ('3019','12');
INSERT INTO Enroll (CourseID, StudentID) VALUES ('3011','12');
INSERT INTO Enroll (CourseID, StudentID) VALUES ('3002','13');
INSERT INTO Enroll (CourseID, StudentID) VALUES ('3015','13');
INSERT INTO Enroll (CourseID, StudentID) VALUES ('3005','14');
INSERT INTO Enroll (CourseID, StudentID) VALUES ('3020','15');
INSERT INTO Enroll (CourseID, StudentID) VALUES ('3011','15');
INSERT INTO Enroll (CourseID, StudentID) VALUES ('3018','15');
INSERT INTO Enroll (CourseID, StudentID) VALUES ('3011','15');
INSERT INTO Enroll (CourseID, StudentID) VALUES ('3003','16');
INSERT INTO Enroll (CourseID, StudentID) VALUES ('3013','16');
INSERT INTO Enroll (CourseID, StudentID) VALUES ('3010','16');
INSERT INTO Enroll (CourseID, StudentID) VALUES ('3003','17');
INSERT INTO Enroll (CourseID, StudentID) VALUES ('3004','17');
INSERT INTO Enroll (CourseID, StudentID) VALUES ('3010','18');
INSERT INTO Enroll (CourseID, StudentID) VALUES ('3012','18');
INSERT INTO Enroll (CourseID, StudentID) VALUES ('3015','19');
INSERT INTO Enroll (CourseID, StudentID) VALUES ('3016','19');
INSERT INTO Enroll (CourseID, StudentID) VALUES ('3015','19');
INSERT INTO Enroll (CourseID, StudentID) VALUES ('3011','20');
INSERT INTO Enroll (CourseID, StudentID) VALUES ('3007','20');
INSERT INTO Enroll (CourseID, StudentID) VALUES ('3009','20');
INSERT INTO Enroll (CourseID, StudentID) VALUES ('3004','21');
INSERT INTO Enroll (CourseID, StudentID) VALUES ('3014','21');
INSERT INTO Enroll (CourseID, StudentID) VALUES ('3017','21');
INSERT INTO Enroll (CourseID, StudentID) VALUES ('3015','22');
INSERT INTO Enroll (CourseID, StudentID) VALUES ('3003','22');
INSERT INTO Enroll (CourseID, StudentID) VALUES ('3008','22');
INSERT INTO Enroll (CourseID, StudentID) VALUES ('3005','22');
INSERT INTO Enroll (CourseID, StudentID) VALUES ('3019','22');
INSERT INTO Enroll (CourseID, StudentID) VALUES ('3003','23');
INSERT INTO Enroll (CourseID, StudentID) VALUES ('3016','23');
INSERT INTO Enroll (CourseID, StudentID) VALUES ('3019','23');
INSERT INTO Enroll (CourseID, StudentID) VALUES ('3002','23');
INSERT INTO Enroll (CourseID, StudentID) VALUES ('3013','24');
INSERT INTO Enroll (CourseID, StudentID) VALUES ('3018','25');
INSERT INTO Enroll (CourseID, StudentID) VALUES ('3019','25');
INSERT INTO Enroll (CourseID, StudentID) VALUES ('3018','25');
INSERT INTO Enroll (CourseID, StudentID) VALUES ('3005','25');
INSERT INTO Enroll (CourseID, StudentID) VALUES ('3018','25');
INSERT INTO Enroll (CourseID, StudentID) VALUES ('3003','25');
INSERT INTO Enroll (CourseID, StudentID) VALUES ('3017','26');
INSERT INTO Enroll (CourseID, StudentID) VALUES ('3010','26');
INSERT INTO Enroll (CourseID, StudentID) VALUES ('3007','26');
INSERT INTO Enroll (CourseID, StudentID) VALUES ('3015','26');
INSERT INTO Enroll (CourseID, StudentID) VALUES ('3020','26');
INSERT INTO Enroll (CourseID, StudentID) VALUES ('3012','27');
INSERT INTO Enroll (CourseID, StudentID) VALUES ('3009','27');
INSERT INTO Enroll (CourseID, StudentID) VALUES ('3003','27');
INSERT INTO Enroll (CourseID, StudentID) VALUES ('3014','27');
INSERT INTO Enroll (CourseID, StudentID) VALUES ('3018','27');
INSERT INTO Enroll (CourseID, StudentID) VALUES ('3016','27');
INSERT INTO Enroll (CourseID, StudentID) VALUES ('3011','28');
INSERT INTO Enroll (CourseID, StudentID) VALUES ('3012','28');
INSERT INTO Enroll (CourseID, StudentID) VALUES ('3016','28');
INSERT INTO Enroll (CourseID, StudentID) VALUES ('3004','28');
INSERT INTO Enroll (CourseID, StudentID) VALUES ('3016','28');
INSERT INTO Enroll (CourseID, StudentID) VALUES ('3017','28');
INSERT INTO Enroll (CourseID, StudentID) VALUES ('3012','29');
INSERT INTO Enroll (CourseID, StudentID) VALUES ('3017','29');
INSERT INTO Enroll (CourseID, StudentID) VALUES ('3015','29');
INSERT INTO Enroll (CourseID, StudentID) VALUES ('3003','30');
INSERT INTO Enroll (CourseID, StudentID) VALUES ('3003','30');
INSERT INTO Enroll (CourseID, StudentID) VALUES ('3020','30');
INSERT INTO Enroll (CourseID, StudentID) VALUES ('3013','30');
INSERT INTO Enroll (CourseID, StudentID) VALUES ('3019','31');
INSERT INTO Enroll (CourseID, StudentID) VALUES ('3010','31');
INSERT INTO Enroll (CourseID, StudentID) VALUES ('3011','31');
INSERT INTO Enroll (CourseID, StudentID) VALUES ('3020','32');
INSERT INTO Enroll (CourseID, StudentID) VALUES ('3013','32');
INSERT INTO Enroll (CourseID, StudentID) VALUES ('3008','32');
INSERT INTO Enroll (CourseID, StudentID) VALUES ('3019','34');
INSERT INTO Enroll (CourseID, StudentID) VALUES ('3003','34');
INSERT INTO Enroll (CourseID, StudentID) VALUES ('3014','34');
INSERT INTO Enroll (CourseID, StudentID) VALUES ('3002','34');
INSERT INTO Enroll (CourseID, StudentID) VALUES ('3010','34');
INSERT INTO Enroll (CourseID, StudentID) VALUES ('3008','34');
INSERT INTO Enroll (CourseID, StudentID) VALUES ('3017','35');
INSERT INTO Enroll (CourseID, StudentID) VALUES ('3013','35');
INSERT INTO Enroll (CourseID, StudentID) VALUES ('3007','35');
INSERT INTO Enroll (CourseID, StudentID) VALUES ('3005','35');
INSERT INTO Enroll (CourseID, StudentID) VALUES ('3004','36');
INSERT INTO Enroll (CourseID, StudentID) VALUES ('3001','36');
INSERT INTO Enroll (CourseID, StudentID) VALUES ('3001','36');
INSERT INTO Enroll (CourseID, StudentID) VALUES ('3009','36');
INSERT INTO Enroll (CourseID, StudentID) VALUES ('3010','37');
INSERT INTO Enroll (CourseID, StudentID) VALUES ('3008','37');
INSERT INTO Enroll (CourseID, StudentID) VALUES ('3007','37');
INSERT INTO Enroll (CourseID, StudentID) VALUES ('3019','37');
INSERT INTO Enroll (CourseID, StudentID) VALUES ('3007','37');
INSERT INTO Enroll (CourseID, StudentID) VALUES ('3016','38');
INSERT INTO Enroll (CourseID, StudentID) VALUES ('3014','38');
INSERT INTO Enroll (CourseID, StudentID) VALUES ('3005','38');
INSERT INTO Enroll (CourseID, StudentID) VALUES ('3010','38');
INSERT INTO Enroll (CourseID, StudentID) VALUES ('3015','38');
INSERT INTO Enroll (CourseID, StudentID) VALUES ('3011','38');
INSERT INTO Enroll (CourseID, StudentID) VALUES ('3008','39');
INSERT INTO Enroll (CourseID, StudentID) VALUES ('3015','39');
INSERT INTO Enroll (CourseID, StudentID) VALUES ('3007','39');
INSERT INTO Enroll (CourseID, StudentID) VALUES ('3002','39');
INSERT INTO Enroll (CourseID, StudentID) VALUES ('3017','39');
INSERT INTO Enroll (CourseID, StudentID) VALUES ('3005','39');
INSERT INTO Enroll (CourseID, StudentID) VALUES ('3020','40');
INSERT INTO Enroll (CourseID, StudentID) VALUES ('3001','40');
INSERT INTO Enroll (CourseID, StudentID) VALUES ('3002','40');
INSERT INTO Enroll (CourseID, StudentID) VALUES ('3015','41');
INSERT INTO Enroll (CourseID, StudentID) VALUES ('3017','41');
INSERT INTO Enroll (CourseID, StudentID) VALUES ('3008','41');
INSERT INTO Enroll (CourseID, StudentID) VALUES ('3001','41');
INSERT INTO Enroll (CourseID, StudentID) VALUES ('3012','42');
INSERT INTO Enroll (CourseID, StudentID) VALUES ('3020','42');
INSERT INTO Enroll (CourseID, StudentID) VALUES ('3012','42');
INSERT INTO Enroll (CourseID, StudentID) VALUES ('3016','42');
INSERT INTO Enroll (CourseID, StudentID) VALUES ('3015','42');
INSERT INTO Enroll (CourseID, StudentID) VALUES ('3004','42');
INSERT INTO Enroll (CourseID, StudentID) VALUES ('3018','43');
INSERT INTO Enroll (CourseID, StudentID) VALUES ('3012','43');
INSERT INTO Enroll (CourseID, StudentID) VALUES ('3020','43');
INSERT INTO Enroll (CourseID, StudentID) VALUES ('3018','43');
INSERT INTO Enroll (CourseID, StudentID) VALUES ('3009','43');
INSERT INTO Enroll (CourseID, StudentID) VALUES ('3008','44');
INSERT INTO Enroll (CourseID, StudentID) VALUES ('3009','44');
INSERT INTO Enroll (CourseID, StudentID) VALUES ('3017','44');
INSERT INTO Enroll (CourseID, StudentID) VALUES ('3018','45');
INSERT INTO Enroll (CourseID, StudentID) VALUES ('3005','45');
INSERT INTO Enroll (CourseID, StudentID) VALUES ('3019','45');
INSERT INTO Enroll (CourseID, StudentID) VALUES ('3001','45');
INSERT INTO Enroll (CourseID, StudentID) VALUES ('3020','45');
INSERT INTO Enroll (CourseID, StudentID) VALUES ('3012','46');
INSERT INTO Enroll (CourseID, StudentID) VALUES ('3011','46');
INSERT INTO Enroll (CourseID, StudentID) VALUES ('3008','46');
INSERT INTO Enroll (CourseID, StudentID) VALUES ('3004','46');
INSERT INTO Enroll (CourseID, StudentID) VALUES ('3013','47');
INSERT INTO Enroll (CourseID, StudentID) VALUES ('3013','47');
INSERT INTO Enroll (CourseID, StudentID) VALUES ('3011','47');
INSERT INTO Enroll (CourseID, StudentID) VALUES ('3004','48');
INSERT INTO Enroll (CourseID, StudentID) VALUES ('3018','48');
INSERT INTO Enroll (CourseID, StudentID) VALUES ('3007','48');
INSERT INTO Enroll (CourseID, StudentID) VALUES ('3002','48');
INSERT INTO Enroll (CourseID, StudentID) VALUES ('3011','48');
INSERT INTO Enroll (CourseID, StudentID) VALUES ('3015','48');
INSERT INTO Enroll (CourseID, StudentID) VALUES ('3008','49');
INSERT INTO Enroll (CourseID, StudentID) VALUES ('3020','49');
INSERT INTO Enroll (CourseID, StudentID) VALUES ('3013','49');
INSERT INTO Enroll (CourseID, StudentID) VALUES ('3010','49');
INSERT INTO Enroll (CourseID, StudentID) VALUES ('3019','49');
INSERT INTO Enroll (CourseID, StudentID) VALUES ('3006','49');
INSERT INTO Enroll (CourseID, StudentID) VALUES ('3011','50');
INSERT INTO Enroll (CourseID, StudentID) VALUES ('3004','50');
INSERT INTO Enroll (CourseID, StudentID) VALUES ('3014','50');
INSERT INTO Enroll (CourseID, StudentID) VALUES ('3005','51');
INSERT INTO Enroll (CourseID, StudentID) VALUES ('3003','51');
INSERT INTO Enroll (CourseID, StudentID) VALUES ('3016','51');
INSERT INTO Enroll (CourseID, StudentID) VALUES ('3005','52');
INSERT INTO Enroll (CourseID, StudentID) VALUES ('3016','52');
INSERT INTO Enroll (CourseID, StudentID) VALUES ('3020','52');
INSERT INTO Enroll (CourseID, StudentID) VALUES ('3003','52');
INSERT INTO Enroll (CourseID, StudentID) VALUES ('3013','53');
INSERT INTO Enroll (CourseID, StudentID) VALUES ('3004','53');
INSERT INTO Enroll (CourseID, StudentID) VALUES ('3020','53');
INSERT INTO Enroll (CourseID, StudentID) VALUES ('3012','53');
INSERT INTO Enroll (CourseID, StudentID) VALUES ('3003','54');
INSERT INTO Enroll (CourseID, StudentID) VALUES ('3008','54');
INSERT INTO Enroll (CourseID, StudentID) VALUES ('3001','54');
INSERT INTO Enroll (CourseID, StudentID) VALUES ('3015','54');
INSERT INTO Enroll (CourseID, StudentID) VALUES ('3020','54');
INSERT INTO Enroll (CourseID, StudentID) VALUES ('3006','55');
INSERT INTO Enroll (CourseID, StudentID) VALUES ('3014','55');
INSERT INTO Enroll (CourseID, StudentID) VALUES ('3015','55');
INSERT INTO Enroll (CourseID, StudentID) VALUES ('3003','56');
INSERT INTO Enroll (CourseID, StudentID) VALUES ('3005','56');
INSERT INTO Enroll (CourseID, StudentID) VALUES ('3010','56');
INSERT INTO Enroll (CourseID, StudentID) VALUES ('3018','56');
INSERT INTO Enroll (CourseID, StudentID) VALUES ('3010','57');
INSERT INTO Enroll (CourseID, StudentID) VALUES ('3009','57');
INSERT INTO Enroll (CourseID, StudentID) VALUES ('3015','57');
INSERT INTO Enroll (CourseID, StudentID) VALUES ('3017','58');
INSERT INTO Enroll (CourseID, StudentID) VALUES ('3006','58');
INSERT INTO Enroll (CourseID, StudentID) VALUES ('3018','58');
INSERT INTO Enroll (CourseID, StudentID) VALUES ('3004','58');
INSERT INTO Enroll (CourseID, StudentID) VALUES ('3001','59');
INSERT INTO Enroll (CourseID, StudentID) VALUES ('3019','59');
INSERT INTO Enroll (CourseID, StudentID) VALUES ('3002','59');
INSERT INTO Enroll (CourseID, StudentID) VALUES ('3017','59');
INSERT INTO Enroll (CourseID, StudentID) VALUES ('3014','59');
INSERT INTO Enroll (CourseID, StudentID) VALUES ('3019','59');
INSERT INTO Enroll (CourseID, StudentID) VALUES ('3012','60');
INSERT INTO Enroll (CourseID, StudentID) VALUES ('3006','60');
INSERT INTO Enroll (CourseID, StudentID) VALUES ('3007','60');
INSERT INTO Enroll (CourseID, StudentID) VALUES ('3016','60');
INSERT INTO Enroll (CourseID, StudentID) VALUES ('3003','60');
INSERT INTO Enroll (CourseID, StudentID) VALUES ('3019','61');
INSERT INTO Enroll (CourseID, StudentID) VALUES ('3005','61');
INSERT INTO Enroll (CourseID, StudentID) VALUES ('3015','61');
INSERT INTO Enroll (CourseID, StudentID) VALUES ('3014','61');
INSERT INTO Enroll (CourseID, StudentID) VALUES ('3012','62');
INSERT INTO Enroll (CourseID, StudentID) VALUES ('3020','62');
INSERT INTO Enroll (CourseID, StudentID) VALUES ('3014','62');
INSERT INTO Enroll (CourseID, StudentID) VALUES ('3007','62');
INSERT INTO Enroll (CourseID, StudentID) VALUES ('3005','62');
INSERT INTO Enroll (CourseID, StudentID) VALUES ('3007','62');
INSERT INTO Enroll (CourseID, StudentID) VALUES ('3012','63');
INSERT INTO Enroll (CourseID, StudentID) VALUES ('3016','63');
INSERT INTO Enroll (CourseID, StudentID) VALUES ('3003','63');
INSERT INTO Enroll (CourseID, StudentID) VALUES ('3010','63');
INSERT INTO Enroll (CourseID, StudentID) VALUES ('3012','63');
INSERT INTO Enroll (CourseID, StudentID) VALUES ('3018','63');
INSERT INTO Enroll (CourseID, StudentID) VALUES ('3010','64');
INSERT INTO Enroll (CourseID, StudentID) VALUES ('3007','64');
INSERT INTO Enroll (CourseID, StudentID) VALUES ('3016','64');
INSERT INTO Enroll (CourseID, StudentID) VALUES ('3018','64');
INSERT INTO Enroll (CourseID, StudentID) VALUES ('3003','65');
INSERT INTO Enroll (CourseID, StudentID) VALUES ('3012','65');
INSERT INTO Enroll (CourseID, StudentID) VALUES ('3005','65');
INSERT INTO Enroll (CourseID, StudentID) VALUES ('3005','65');
INSERT INTO Enroll (CourseID, StudentID) VALUES ('3012','65');
INSERT INTO Enroll (CourseID, StudentID) VALUES ('3014','65');
INSERT INTO Enroll (CourseID, StudentID) VALUES ('3003','66');
INSERT INTO Enroll (CourseID, StudentID) VALUES ('3001','66');
INSERT INTO Enroll (CourseID, StudentID) VALUES ('3012','66');
INSERT INTO Enroll (CourseID, StudentID) VALUES ('3020','66');
INSERT INTO Enroll (CourseID, StudentID) VALUES ('3013','66');
INSERT INTO Enroll (CourseID, StudentID) VALUES ('3006','66');
INSERT INTO Enroll (CourseID, StudentID) VALUES ('3004','67');
INSERT INTO Enroll (CourseID, StudentID) VALUES ('3009','67');
INSERT INTO Enroll (CourseID, StudentID) VALUES ('3010','67');
INSERT INTO Enroll (CourseID, StudentID) VALUES ('3008','67');
INSERT INTO Enroll (CourseID, StudentID) VALUES ('3007','67');
INSERT INTO Enroll (CourseID, StudentID) VALUES ('3020','68');
INSERT INTO Enroll (CourseID, StudentID) VALUES ('3003','68');
INSERT INTO Enroll (CourseID, StudentID) VALUES ('3018','68');
INSERT INTO Enroll (CourseID, StudentID) VALUES ('3006','68');
INSERT INTO Enroll (CourseID, StudentID) VALUES ('3007','68');
INSERT INTO Enroll (CourseID, StudentID) VALUES ('3019','68');
INSERT INTO Enroll (CourseID, StudentID) VALUES ('3006','69');
INSERT INTO Enroll (CourseID, StudentID) VALUES ('3008','69');
INSERT INTO Enroll (CourseID, StudentID) VALUES ('3018','69');
INSERT INTO Enroll (CourseID, StudentID) VALUES ('3017','70');
INSERT INTO Enroll (CourseID, StudentID) VALUES ('3019','70');
INSERT INTO Enroll (CourseID, StudentID) VALUES ('3001','70');
INSERT INTO Enroll (CourseID, StudentID) VALUES ('3007','70');
INSERT INTO Enroll (CourseID, StudentID) VALUES ('3005','70');
INSERT INTO Enroll (CourseID, StudentID) VALUES ('3002','70');
INSERT INTO Enroll (CourseID, StudentID) VALUES ('3005','71');
INSERT INTO Enroll (CourseID, StudentID) VALUES ('3013','71');
INSERT INTO Enroll (CourseID, StudentID) VALUES ('3004','71');
INSERT INTO Enroll (CourseID, StudentID) VALUES ('3016','71');
INSERT INTO Enroll (CourseID, StudentID) VALUES ('3020','71');
INSERT INTO Enroll (CourseID, StudentID) VALUES ('3003','71');
INSERT INTO Enroll (CourseID, StudentID) VALUES ('3012','72');
INSERT INTO Enroll (CourseID, StudentID) VALUES ('3010','72');
INSERT INTO Enroll (CourseID, StudentID) VALUES ('3014','72');
INSERT INTO Enroll (CourseID, StudentID) VALUES ('3015','72');
INSERT INTO Enroll (CourseID, StudentID) VALUES ('3020','73');
INSERT INTO Enroll (CourseID, StudentID) VALUES ('3004','73');
INSERT INTO Enroll (CourseID, StudentID) VALUES ('3001','73');
INSERT INTO Enroll (CourseID, StudentID) VALUES ('3013','73');
INSERT INTO Enroll (CourseID, StudentID) VALUES ('3020','74');
INSERT INTO Enroll (CourseID, StudentID) VALUES ('3005','74');
INSERT INTO Enroll (CourseID, StudentID) VALUES ('3014','74');
INSERT INTO Enroll (CourseID, StudentID) VALUES ('3005','74');
INSERT INTO Enroll (CourseID, StudentID) VALUES ('3002','74');
INSERT INTO Enroll (CourseID, StudentID) VALUES ('3017','75');
INSERT INTO Enroll (CourseID, StudentID) VALUES ('3015','75');
INSERT INTO Enroll (CourseID, StudentID) VALUES ('3003','75');
INSERT INTO Enroll (CourseID, StudentID) VALUES ('3015','75');
INSERT INTO Enroll (CourseID, StudentID) VALUES ('3011','76');
INSERT INTO Enroll (CourseID, StudentID) VALUES ('3004','76');
INSERT INTO Enroll (CourseID, StudentID) VALUES ('3018','76');
INSERT INTO Enroll (CourseID, StudentID) VALUES ('3004','76');
INSERT INTO Enroll (CourseID, StudentID) VALUES ('3012','76');
INSERT INTO Enroll (CourseID, StudentID) VALUES ('3009','76');
INSERT INTO Enroll (CourseID, StudentID) VALUES ('3011','77');
INSERT INTO Enroll (CourseID, StudentID) VALUES ('3001','77');
INSERT INTO Enroll (CourseID, StudentID) VALUES ('3010','77');
INSERT INTO Enroll (CourseID, StudentID) VALUES ('3009','78');
INSERT INTO Enroll (CourseID, StudentID) VALUES ('3004','78');
INSERT INTO Enroll (CourseID, StudentID) VALUES ('3012','78');
INSERT INTO Enroll (CourseID, StudentID) VALUES ('3009','78');
INSERT INTO Enroll (CourseID, StudentID) VALUES ('3004','78');
INSERT INTO Enroll (CourseID, StudentID) VALUES ('3005','78');
INSERT INTO Enroll (CourseID, StudentID) VALUES ('3003','79');
INSERT INTO Enroll (CourseID, StudentID) VALUES ('3003','79');
INSERT INTO Enroll (CourseID, StudentID) VALUES ('3009','79');
INSERT INTO Enroll (CourseID, StudentID) VALUES ('3002','80');
INSERT INTO Enroll (CourseID, StudentID) VALUES ('3007','80');
INSERT INTO Enroll (CourseID, StudentID) VALUES ('3012','80');
INSERT INTO Enroll (CourseID, StudentID) VALUES ('3009','80');
INSERT INTO Enroll (CourseID, StudentID) VALUES ('3017','80');
INSERT INTO Enroll (CourseID, StudentID) VALUES ('3014','80');
INSERT INTO Enroll (CourseID, StudentID) VALUES ('3008','81');
INSERT INTO Enroll (CourseID, StudentID) VALUES ('3004','81');
INSERT INTO Enroll (CourseID, StudentID) VALUES ('3016','81');
INSERT INTO Enroll (CourseID, StudentID) VALUES ('3001','82');
INSERT INTO Enroll (CourseID, StudentID) VALUES ('3006','82');
INSERT INTO Enroll (CourseID, StudentID) VALUES ('3019','82');
INSERT INTO Enroll (CourseID, StudentID) VALUES ('3016','82');
INSERT INTO Enroll (CourseID, StudentID) VALUES ('3013','82');
INSERT INTO Enroll (CourseID, StudentID) VALUES ('3005','83');
INSERT INTO Enroll (CourseID, StudentID) VALUES ('3015','83');
INSERT INTO Enroll (CourseID, StudentID) VALUES ('3019','83');
INSERT INTO Enroll (CourseID, StudentID) VALUES ('3012','83');
INSERT INTO Enroll (CourseID, StudentID) VALUES ('3019','83');
INSERT INTO Enroll (CourseID, StudentID) VALUES ('3016','83');
INSERT INTO Enroll (CourseID, StudentID) VALUES ('3016','84');
INSERT INTO Enroll (CourseID, StudentID) VALUES ('3016','84');
INSERT INTO Enroll (CourseID, StudentID) VALUES ('3010','84');
INSERT INTO Enroll (CourseID, StudentID) VALUES ('3010','84');
INSERT INTO Enroll (CourseID, StudentID) VALUES ('3012','84');
INSERT INTO Enroll (CourseID, StudentID) VALUES ('3002','84');
INSERT INTO Enroll (CourseID, StudentID) VALUES ('3014','85');
INSERT INTO Enroll (CourseID, StudentID) VALUES ('3005','85');
INSERT INTO Enroll (CourseID, StudentID) VALUES ('3017','85');
INSERT INTO Enroll (CourseID, StudentID) VALUES ('3012','85');
INSERT INTO Enroll (CourseID, StudentID) VALUES ('3010','86');
INSERT INTO Enroll (CourseID, StudentID) VALUES ('3006','86');
INSERT INTO Enroll (CourseID, StudentID) VALUES ('3001','86');
INSERT INTO Enroll (CourseID, StudentID) VALUES ('3011','86');
INSERT INTO Enroll (CourseID, StudentID) VALUES ('3017','87');
INSERT INTO Enroll (CourseID, StudentID) VALUES ('3015','87');
INSERT INTO Enroll (CourseID, StudentID) VALUES ('3001','87');
INSERT INTO Enroll (CourseID, StudentID) VALUES ('3018','87');
INSERT INTO Enroll (CourseID, StudentID) VALUES ('3015','87');
INSERT INTO Enroll (CourseID, StudentID) VALUES ('3001','87');
INSERT INTO Enroll (CourseID, StudentID) VALUES ('3012','88');
INSERT INTO Enroll (CourseID, StudentID) VALUES ('3018','88');
INSERT INTO Enroll (CourseID, StudentID) VALUES ('3013','88');
INSERT INTO Enroll (CourseID, StudentID) VALUES ('3004','88');
INSERT INTO Enroll (CourseID, StudentID) VALUES ('3009','88');
INSERT INTO Enroll (CourseID, StudentID) VALUES ('3004','89');
INSERT INTO Enroll (CourseID, StudentID) VALUES ('3017','89');
INSERT INTO Enroll (CourseID, StudentID) VALUES ('3007','89');
INSERT INTO Enroll (CourseID, StudentID) VALUES ('3016','89');
INSERT INTO Enroll (CourseID, StudentID) VALUES ('3012','90');
INSERT INTO Enroll (CourseID, StudentID) VALUES ('3008','90');
INSERT INTO Enroll (CourseID, StudentID) VALUES ('3016','90');
INSERT INTO Enroll (CourseID, StudentID) VALUES ('3003','91');
INSERT INTO Enroll (CourseID, StudentID) VALUES ('3001','91');
INSERT INTO Enroll (CourseID, StudentID) VALUES ('3007','91');
INSERT INTO Enroll (CourseID, StudentID) VALUES ('3008','91');
INSERT INTO Enroll (CourseID, StudentID) VALUES ('3005','91');
INSERT INTO Enroll (CourseID, StudentID) VALUES ('3003','92');
INSERT INTO Enroll (CourseID, StudentID) VALUES ('3003','92');
INSERT INTO Enroll (CourseID, StudentID) VALUES ('3006','92');
INSERT INTO Enroll (CourseID, StudentID) VALUES ('3006','92');
INSERT INTO Enroll (CourseID, StudentID) VALUES ('3003','92');
INSERT INTO Enroll (CourseID, StudentID) VALUES ('3009','93');
INSERT INTO Enroll (CourseID, StudentID) VALUES ('3015','93');
INSERT INTO Enroll (CourseID, StudentID) VALUES ('3009','93');
INSERT INTO Enroll (CourseID, StudentID) VALUES ('3015','94');
INSERT INTO Enroll (CourseID, StudentID) VALUES ('3009','94');
INSERT INTO Enroll (CourseID, StudentID) VALUES ('3010','94');
INSERT INTO Enroll (CourseID, StudentID) VALUES ('3011','95');
INSERT INTO Enroll (CourseID, StudentID) VALUES ('3010','95');
INSERT INTO Enroll (CourseID, StudentID) VALUES ('3009','95');
INSERT INTO Enroll (CourseID, StudentID) VALUES ('3019','95');
INSERT INTO Enroll (CourseID, StudentID) VALUES ('3018','95');
INSERT INTO Enroll (CourseID, StudentID) VALUES ('3001','96');
INSERT INTO Enroll (CourseID, StudentID) VALUES ('3017','96');
INSERT INTO Enroll (CourseID, StudentID) VALUES ('3008','96');
INSERT INTO Enroll (CourseID, StudentID) VALUES ('3020','97');
INSERT INTO Enroll (CourseID, StudentID) VALUES ('3015','97');
INSERT INTO Enroll (CourseID, StudentID) VALUES ('3010','97');
INSERT INTO Enroll (CourseID, StudentID) VALUES ('3011','97');
INSERT INTO Enroll (CourseID, StudentID) VALUES ('3003','97');
INSERT INTO Enroll (CourseID, StudentID) VALUES ('3012','98');
INSERT INTO Enroll (CourseID, StudentID) VALUES ('3018','98');
INSERT INTO Enroll (CourseID, StudentID) VALUES ('3009','98');
INSERT INTO Enroll (CourseID, StudentID) VALUES ('3002','98');
INSERT INTO Enroll (CourseID, StudentID) VALUES ('3015','98');
INSERT INTO Enroll (CourseID, StudentID) VALUES ('3012','98');
INSERT INTO Enroll (CourseID, StudentID) VALUES ('3018','99');
INSERT INTO Enroll (CourseID, StudentID) VALUES ('3010','99');
INSERT INTO Enroll (CourseID, StudentID) VALUES ('3014','99');
INSERT INTO Enroll (CourseID, StudentID) VALUES ('3007','99');
INSERT INTO Enroll (CourseID, StudentID) VALUES ('3013','99');
INSERT INTO Enroll (CourseID, StudentID) VALUES ('3010','99');
INSERT INTO Enroll (CourseID, StudentID) VALUES ('3002','100');
INSERT INTO Enroll (CourseID, StudentID) VALUES ('3016','100');
INSERT INTO Enroll (CourseID, StudentID) VALUES ('3007','100');
INSERT INTO Enroll (CourseID, StudentID) VALUES ('3012','100');
INSERT INTO Assignment (AssID, UserID, CourseID,Grade,date_submit) VALUES ('1112','4','3013','6','1993-10-05');
INSERT INTO Assignment (AssID, UserID, CourseID,Grade,date_submit) VALUES ('1113','4','3007','66','1979-02-17');
INSERT INTO Assignment (AssID, UserID, CourseID,Grade,date_submit) VALUES ('1114','4','3013','45','2005-05-08');
INSERT INTO Assignment (AssID, UserID, CourseID,Grade,date_submit) VALUES ('1115','6','3004','13','1978-02-27');
INSERT INTO Assignment (AssID, UserID, CourseID,Grade,date_submit) VALUES ('1116','7','3004','2','1988-06-21');
INSERT INTO Assignment (AssID, UserID, CourseID,Grade,date_submit) VALUES ('1117','7','3011','43','2003-09-11');
INSERT INTO Assignment (AssID, UserID, CourseID,Grade,date_submit) VALUES ('1118','7','3004','47','2007-03-20');
INSERT INTO Assignment (AssID, UserID, CourseID,Grade,date_submit) VALUES ('1119','11','3002','1','1986-06-24');
INSERT INTO Assignment (AssID, UserID, CourseID,Grade,date_submit) VALUES ('1120','12','3019','56','2023-04-11');
INSERT INTO Assignment (AssID, UserID, CourseID,Grade,date_submit) VALUES ('1121','12','3011','72','1986-06-08');
INSERT INTO Assignment (AssID, UserID, CourseID,Grade,date_submit) VALUES ('1122','13','3002','40','1973-10-09');
INSERT INTO Assignment (AssID, UserID, CourseID,Grade,date_submit) VALUES ('1123','13','3015','88','1990-10-31');
INSERT INTO Assignment (AssID, UserID, CourseID,Grade,date_submit) VALUES ('1124','14','3005','59','1992-03-11');
INSERT INTO Assignment (AssID, UserID, CourseID,Grade,date_submit) VALUES ('1125','15','3020','29','1970-12-05');
INSERT INTO Assignment (AssID, UserID, CourseID,Grade,date_submit) VALUES ('1126','15','3011','96','1993-06-24');
INSERT INTO Assignment (AssID, UserID, CourseID,Grade,date_submit) VALUES ('1127','15','3018','57','2013-02-08');
INSERT INTO Assignment (AssID, UserID, CourseID,Grade,date_submit) VALUES ('1128','15','3011','15','1993-05-30');
INSERT INTO Assignment (AssID, UserID, CourseID,Grade,date_submit) VALUES ('1129','16','3003','67','1992-01-05');
INSERT INTO Assignment (AssID, UserID, CourseID,Grade,date_submit) VALUES ('1130','16','3013','2','2019-02-21');
INSERT INTO Assignment (AssID, UserID, CourseID,Grade,date_submit) VALUES ('1131','16','3010','19','1987-06-26');
INSERT INTO Assignment (AssID, UserID, CourseID,Grade,date_submit) VALUES ('1132','17','3003','92','1973-06-15');
INSERT INTO Assignment (AssID, UserID, CourseID,Grade,date_submit) VALUES ('1133','17','3004','88','1970-04-20');
INSERT INTO Assignment (AssID, UserID, CourseID,Grade,date_submit) VALUES ('1134','18','3010','66','1995-07-30');
INSERT INTO Assignment (AssID, UserID, CourseID,Grade,date_submit) VALUES ('1135','18','3012','67','1990-08-07');
INSERT INTO Assignment (AssID, UserID, CourseID,Grade,date_submit) VALUES ('1136','19','3015','51','1976-03-22');
INSERT INTO Assignment (AssID, UserID, CourseID,Grade,date_submit) VALUES ('1137','19','3016','98','2006-11-30');
INSERT INTO Assignment (AssID, UserID, CourseID,Grade,date_submit) VALUES ('1138','19','3015','99','2014-11-05');
INSERT INTO Assignment (AssID, UserID, CourseID,Grade,date_submit) VALUES ('1139','20','3011','11','2005-02-07');
INSERT INTO Assignment (AssID, UserID, CourseID,Grade,date_submit) VALUES ('1140','20','3007','76','1996-08-12');
INSERT INTO Assignment (AssID, UserID, CourseID,Grade,date_submit) VALUES ('1141','20','3009','98','2002-12-22');
INSERT INTO Assignment (AssID, UserID, CourseID,Grade,date_submit) VALUES ('1142','21','3004','14','1999-07-17');
INSERT INTO Assignment (AssID, UserID, CourseID,Grade,date_submit) VALUES ('1143','21','3014','21','1999-07-21');
INSERT INTO Assignment (AssID, UserID, CourseID,Grade,date_submit) VALUES ('1144','21','3017','94','2018-10-02');
INSERT INTO Assignment (AssID, UserID, CourseID,Grade,date_submit) VALUES ('1145','22','3015','21','2010-06-23');
INSERT INTO Assignment (AssID, UserID, CourseID,Grade,date_submit) VALUES ('1146','22','3003','30','2013-09-26');
INSERT INTO Assignment (AssID, UserID, CourseID,Grade,date_submit) VALUES ('1147','22','3008','81','1996-11-16');
INSERT INTO Assignment (AssID, UserID, CourseID,Grade,date_submit) VALUES ('1148','22','3005','45','2019-08-12');
INSERT INTO Assignment (AssID, UserID, CourseID,Grade,date_submit) VALUES ('1149','22','3019','89','1970-07-01');
INSERT INTO Assignment (AssID, UserID, CourseID,Grade,date_submit) VALUES ('1150','23','3003','92','2013-02-11');
INSERT INTO Assignment (AssID, UserID, CourseID,Grade,date_submit) VALUES ('1151','23','3016','12','1974-07-17');
INSERT INTO Assignment (AssID, UserID, CourseID,Grade,date_submit) VALUES ('1152','23','3019','23','1978-04-18');
INSERT INTO Assignment (AssID, UserID, CourseID,Grade,date_submit) VALUES ('1153','23','3002','43','2002-05-27');
INSERT INTO Assignment (AssID, UserID, CourseID,Grade,date_submit) VALUES ('1154','24','3013','74','1982-06-12');
INSERT INTO Assignment (AssID, UserID, CourseID,Grade,date_submit) VALUES ('1155','25','3018','17','1970-08-06');
INSERT INTO Assignment (AssID, UserID, CourseID,Grade,date_submit) VALUES ('1156','25','3019','69','1995-06-04');
INSERT INTO Assignment (AssID, UserID, CourseID,Grade,date_submit) VALUES ('1157','25','3018','71','2018-06-11');
INSERT INTO Assignment (AssID, UserID, CourseID,Grade,date_submit) VALUES ('1158','25','3005','82','1994-03-01');
INSERT INTO Assignment (AssID, UserID, CourseID,Grade,date_submit) VALUES ('1159','25','3018','64','2012-04-15');
INSERT INTO Assignment (AssID, UserID, CourseID,Grade,date_submit) VALUES ('1160','25','3003','62','1982-08-15');
INSERT INTO Assignment (AssID, UserID, CourseID,Grade,date_submit) VALUES ('1161','26','3017','48','2004-08-24');
INSERT INTO Assignment (AssID, UserID, CourseID,Grade,date_submit) VALUES ('1162','26','3010','74','1979-06-25');
INSERT INTO Assignment (AssID, UserID, CourseID,Grade,date_submit) VALUES ('1163','26','3007','62','1987-08-09');
INSERT INTO Assignment (AssID, UserID, CourseID,Grade,date_submit) VALUES ('1164','26','3015','12','2009-09-21');
INSERT INTO Assignment (AssID, UserID, CourseID,Grade,date_submit) VALUES ('1165','26','3020','27','2020-03-31');
INSERT INTO Assignment (AssID, UserID, CourseID,Grade,date_submit) VALUES ('1166','27','3012','57','2024-01-04');
INSERT INTO Assignment (AssID, UserID, CourseID,Grade,date_submit) VALUES ('1167','27','3009','93','1975-08-13');
INSERT INTO Assignment (AssID, UserID, CourseID,Grade,date_submit) VALUES ('1168','27','3003','59','1978-04-07');
INSERT INTO Assignment (AssID, UserID, CourseID,Grade,date_submit) VALUES ('1169','27','3014','12','2000-09-23');
INSERT INTO Assignment (AssID, UserID, CourseID,Grade,date_submit) VALUES ('1170','27','3018','29','1991-07-10');
INSERT INTO Assignment (AssID, UserID, CourseID,Grade,date_submit) VALUES ('1171','27','3016','14','1980-12-07');
INSERT INTO Assignment (AssID, UserID, CourseID,Grade,date_submit) VALUES ('1172','28','3011','90','2009-02-21');
INSERT INTO Assignment (AssID, UserID, CourseID,Grade,date_submit) VALUES ('1173','28','3012','19','1993-02-08');
INSERT INTO Assignment (AssID, UserID, CourseID,Grade,date_submit) VALUES ('1174','28','3016','96','1992-11-17');
INSERT INTO Assignment (AssID, UserID, CourseID,Grade,date_submit) VALUES ('1175','28','3004','12','2004-12-09');
INSERT INTO Assignment (AssID, UserID, CourseID,Grade,date_submit) VALUES ('1176','28','3016','77','1976-11-16');
INSERT INTO Assignment (AssID, UserID, CourseID,Grade,date_submit) VALUES ('1177','28','3017','10','1993-11-15');
INSERT INTO Assignment (AssID, UserID, CourseID,Grade,date_submit) VALUES ('1178','29','3012','73','2019-10-07');
INSERT INTO Assignment (AssID, UserID, CourseID,Grade,date_submit) VALUES ('1179','29','3017','60','1982-12-04');
INSERT INTO Assignment (AssID, UserID, CourseID,Grade,date_submit) VALUES ('1180','29','3015','45','2016-08-09');
INSERT INTO Assignment (AssID, UserID, CourseID,Grade,date_submit) VALUES ('1181','30','3003','54','2020-06-23');
INSERT INTO Assignment (AssID, UserID, CourseID,Grade,date_submit) VALUES ('1182','30','3003','53','2013-01-18');
INSERT INTO Assignment (AssID, UserID, CourseID,Grade,date_submit) VALUES ('1183','30','3020','28','2013-07-08');
INSERT INTO Assignment (AssID, UserID, CourseID,Grade,date_submit) VALUES ('1184','30','3013','96','2023-06-12');
INSERT INTO Assignment (AssID, UserID, CourseID,Grade,date_submit) VALUES ('1185','31','3019','71','1994-02-14');
INSERT INTO Assignment (AssID, UserID, CourseID,Grade,date_submit) VALUES ('1186','31','3010','90','2017-10-12');
INSERT INTO Assignment (AssID, UserID, CourseID,Grade,date_submit) VALUES ('1187','31','3011','91','1983-08-25');
INSERT INTO Assignment (AssID, UserID, CourseID,Grade,date_submit) VALUES ('1188','32','3020','31','1982-01-07');
INSERT INTO Assignment (AssID, UserID, CourseID,Grade,date_submit) VALUES ('1189','32','3013','87','2015-07-22');
INSERT INTO Assignment (AssID, UserID, CourseID,Grade,date_submit) VALUES ('1190','32','3008','84','1981-08-28');
INSERT INTO Assignment (AssID, UserID, CourseID,Grade,date_submit) VALUES ('1191','34','3019','47','2012-09-11');
INSERT INTO Assignment (AssID, UserID, CourseID,Grade,date_submit) VALUES ('1192','34','3003','67','1995-05-04');
INSERT INTO Assignment (AssID, UserID, CourseID,Grade,date_submit) VALUES ('1193','34','3014','39','1987-09-04');
INSERT INTO Assignment (AssID, UserID, CourseID,Grade,date_submit) VALUES ('1194','34','3002','77','1991-07-11');
INSERT INTO Assignment (AssID, UserID, CourseID,Grade,date_submit) VALUES ('1195','34','3010','2','1970-07-23');
INSERT INTO Assignment (AssID, UserID, CourseID,Grade,date_submit) VALUES ('1196','34','3008','46','1975-08-01');
INSERT INTO Assignment (AssID, UserID, CourseID,Grade,date_submit) VALUES ('1197','35','3017','37','2009-10-03');
INSERT INTO Assignment (AssID, UserID, CourseID,Grade,date_submit) VALUES ('1198','35','3013','60','1983-05-25');
INSERT INTO Assignment (AssID, UserID, CourseID,Grade,date_submit) VALUES ('1199','35','3007','29','1991-10-29');
INSERT INTO Assignment (AssID, UserID, CourseID,Grade,date_submit) VALUES ('1200','35','3005','17','2010-08-25');
INSERT INTO Assignment (AssID, UserID, CourseID,Grade,date_submit) VALUES ('1201','36','3004','95','2005-07-21');
INSERT INTO Assignment (AssID, UserID, CourseID,Grade,date_submit) VALUES ('1202','36','3001','73','2004-06-28');
INSERT INTO Assignment (AssID, UserID, CourseID,Grade,date_submit) VALUES ('1203','36','3001','71','1971-10-16');
INSERT INTO Assignment (AssID, UserID, CourseID,Grade,date_submit) VALUES ('1204','36','3009','30','1987-08-11');
INSERT INTO Assignment (AssID, UserID, CourseID,Grade,date_submit) VALUES ('1205','37','3010','12','1995-07-17');
INSERT INTO Assignment (AssID, UserID, CourseID,Grade,date_submit) VALUES ('1206','37','3008','30','1970-09-11');
INSERT INTO Assignment (AssID, UserID, CourseID,Grade,date_submit) VALUES ('1207','37','3007','52','2022-06-04');
INSERT INTO Assignment (AssID, UserID, CourseID,Grade,date_submit) VALUES ('1208','37','3019','61','2000-04-22');
INSERT INTO Assignment (AssID, UserID, CourseID,Grade,date_submit) VALUES ('1209','37','3007','49','2011-08-12');
INSERT INTO Assignment (AssID, UserID, CourseID,Grade,date_submit) VALUES ('1210','38','3016','72','1989-04-25');
INSERT INTO Assignment (AssID, UserID, CourseID,Grade,date_submit) VALUES ('1211','38','3014','9','2018-08-03');
INSERT INTO Assignment (AssID, UserID, CourseID,Grade,date_submit) VALUES ('1212','38','3005','91','2020-04-16');
INSERT INTO Assignment (AssID, UserID, CourseID,Grade,date_submit) VALUES ('1213','38','3010','77','1998-08-23');
INSERT INTO Assignment (AssID, UserID, CourseID,Grade,date_submit) VALUES ('1214','38','3015','83','1972-05-06');
INSERT INTO Assignment (AssID, UserID, CourseID,Grade,date_submit) VALUES ('1215','38','3011','64','1994-05-02');
INSERT INTO Assignment (AssID, UserID, CourseID,Grade,date_submit) VALUES ('1216','39','3008','6','2018-05-07');
INSERT INTO Assignment (AssID, UserID, CourseID,Grade,date_submit) VALUES ('1217','39','3015','77','1972-08-19');
INSERT INTO Assignment (AssID, UserID, CourseID,Grade,date_submit) VALUES ('1218','39','3007','72','1983-01-20');
INSERT INTO Assignment (AssID, UserID, CourseID,Grade,date_submit) VALUES ('1219','39','3002','7','1983-07-09');
INSERT INTO Assignment (AssID, UserID, CourseID,Grade,date_submit) VALUES ('1220','39','3017','38','2004-09-16');
INSERT INTO Assignment (AssID, UserID, CourseID,Grade,date_submit) VALUES ('1221','39','3005','67','1995-05-23');
INSERT INTO Assignment (AssID, UserID, CourseID,Grade,date_submit) VALUES ('1222','40','3020','88','1986-06-03');
INSERT INTO Assignment (AssID, UserID, CourseID,Grade,date_submit) VALUES ('1223','40','3001','91','2009-01-30');
INSERT INTO Assignment (AssID, UserID, CourseID,Grade,date_submit) VALUES ('1224','40','3002','34','2019-08-19');
INSERT INTO Assignment (AssID, UserID, CourseID,Grade,date_submit) VALUES ('1225','41','3015','80','1992-06-10');
INSERT INTO Assignment (AssID, UserID, CourseID,Grade,date_submit) VALUES ('1226','41','3017','99','2022-07-09');
INSERT INTO Assignment (AssID, UserID, CourseID,Grade,date_submit) VALUES ('1227','41','3008','65','2001-01-11');
INSERT INTO Assignment (AssID, UserID, CourseID,Grade,date_submit) VALUES ('1228','41','3001','29','2022-01-25');
INSERT INTO Assignment (AssID, UserID, CourseID,Grade,date_submit) VALUES ('1229','42','3012','81','2009-01-04');
INSERT INTO Assignment (AssID, UserID, CourseID,Grade,date_submit) VALUES ('1230','42','3020','18','1993-07-31');
INSERT INTO Assignment (AssID, UserID, CourseID,Grade,date_submit) VALUES ('1231','42','3012','35','2004-10-06');
INSERT INTO Assignment (AssID, UserID, CourseID,Grade,date_submit) VALUES ('1232','42','3016','86','1990-01-22');
INSERT INTO Assignment (AssID, UserID, CourseID,Grade,date_submit) VALUES ('1233','42','3015','69','1970-03-28');
INSERT INTO Assignment (AssID, UserID, CourseID,Grade,date_submit) VALUES ('1234','42','3004','4','1973-07-07');
INSERT INTO Assignment (AssID, UserID, CourseID,Grade,date_submit) VALUES ('1235','43','3018','14','1983-10-05');
INSERT INTO Assignment (AssID, UserID, CourseID,Grade,date_submit) VALUES ('1236','43','3012','23','2006-06-24');
INSERT INTO Assignment (AssID, UserID, CourseID,Grade,date_submit) VALUES ('1237','43','3020','1','2011-09-22');
INSERT INTO Assignment (AssID, UserID, CourseID,Grade,date_submit) VALUES ('1238','43','3018','85','2024-01-09');
INSERT INTO Assignment (AssID, UserID, CourseID,Grade,date_submit) VALUES ('1239','43','3009','76','2017-03-06');
INSERT INTO Assignment (AssID, UserID, CourseID,Grade,date_submit) VALUES ('1240','44','3008','88','2018-06-07');
INSERT INTO Assignment (AssID, UserID, CourseID,Grade,date_submit) VALUES ('1241','44','3009','89','2015-11-15');
INSERT INTO Assignment (AssID, UserID, CourseID,Grade,date_submit) VALUES ('1242','44','3017','20','2014-08-24');
INSERT INTO Assignment (AssID, UserID, CourseID,Grade,date_submit) VALUES ('1243','45','3018','27','2017-06-25');
INSERT INTO Assignment (AssID, UserID, CourseID,Grade,date_submit) VALUES ('1244','45','3005','99','1974-09-19');
INSERT INTO Assignment (AssID, UserID, CourseID,Grade,date_submit) VALUES ('1245','45','3019','39','1976-03-29');
INSERT INTO Assignment (AssID, UserID, CourseID,Grade,date_submit) VALUES ('1246','45','3001','87','1982-11-21');
INSERT INTO Assignment (AssID, UserID, CourseID,Grade,date_submit) VALUES ('1247','45','3020','57','1984-04-11');
INSERT INTO Assignment (AssID, UserID, CourseID,Grade,date_submit) VALUES ('1248','46','3012','89','1999-06-01');
INSERT INTO Assignment (AssID, UserID, CourseID,Grade,date_submit) VALUES ('1249','46','3011','74','2023-03-07');
INSERT INTO Assignment (AssID, UserID, CourseID,Grade,date_submit) VALUES ('1250','46','3008','29','1994-10-30');
INSERT INTO Assignment (AssID, UserID, CourseID,Grade,date_submit) VALUES ('1251','46','3004','73','2019-04-11');
INSERT INTO Assignment (AssID, UserID, CourseID,Grade,date_submit) VALUES ('1252','47','3013','60','2013-02-13');
INSERT INTO Assignment (AssID, UserID, CourseID,Grade,date_submit) VALUES ('1253','47','3013','70','1980-06-10');
INSERT INTO Assignment (AssID, UserID, CourseID,Grade,date_submit) VALUES ('1254','47','3011','48','1974-11-14');
INSERT INTO Assignment (AssID, UserID, CourseID,Grade,date_submit) VALUES ('1255','48','3004','24','1990-07-12');
INSERT INTO Assignment (AssID, UserID, CourseID,Grade,date_submit) VALUES ('1256','48','3018','76','2001-12-26');
INSERT INTO Assignment (AssID, UserID, CourseID,Grade,date_submit) VALUES ('1257','48','3007','47','1983-03-31');
INSERT INTO Assignment (AssID, UserID, CourseID,Grade,date_submit) VALUES ('1258','48','3002','72','2000-09-03');
INSERT INTO Assignment (AssID, UserID, CourseID,Grade,date_submit) VALUES ('1259','48','3011','12','2012-04-26');
INSERT INTO Assignment (AssID, UserID, CourseID,Grade,date_submit) VALUES ('1260','48','3015','26','1987-09-25');
INSERT INTO Assignment (AssID, UserID, CourseID,Grade,date_submit) VALUES ('1261','49','3008','66','2008-06-11');
INSERT INTO Assignment (AssID, UserID, CourseID,Grade,date_submit) VALUES ('1262','49','3020','83','1995-09-03');
INSERT INTO Assignment (AssID, UserID, CourseID,Grade,date_submit) VALUES ('1263','49','3013','99','1975-03-29');
INSERT INTO Assignment (AssID, UserID, CourseID,Grade,date_submit) VALUES ('1264','49','3010','49','2023-05-20');
INSERT INTO Assignment (AssID, UserID, CourseID,Grade,date_submit) VALUES ('1265','49','3019','73','1990-08-13');
INSERT INTO Assignment (AssID, UserID, CourseID,Grade,date_submit) VALUES ('1266','49','3006','50','2012-09-01');
INSERT INTO Assignment (AssID, UserID, CourseID,Grade,date_submit) VALUES ('1267','50','3011','53','2014-01-07');
INSERT INTO Assignment (AssID, UserID, CourseID,Grade,date_submit) VALUES ('1268','50','3004','10','2007-08-20');
INSERT INTO Assignment (AssID, UserID, CourseID,Grade,date_submit) VALUES ('1269','50','3014','9','2017-02-11');
INSERT INTO Assignment (AssID, UserID, CourseID,Grade,date_submit) VALUES ('1270','51','3005','8','2000-07-30');
INSERT INTO Assignment (AssID, UserID, CourseID,Grade,date_submit) VALUES ('1271','51','3003','19','1976-02-01');
INSERT INTO Assignment (AssID, UserID, CourseID,Grade,date_submit) VALUES ('1272','51','3016','87','1982-09-15');
INSERT INTO Assignment (AssID, UserID, CourseID,Grade,date_submit) VALUES ('1273','52','3005','80','2019-07-19');
INSERT INTO Assignment (AssID, UserID, CourseID,Grade,date_submit) VALUES ('1274','52','3016','46','1979-04-12');
INSERT INTO Assignment (AssID, UserID, CourseID,Grade,date_submit) VALUES ('1275','52','3020','100','1974-01-20');
INSERT INTO Assignment (AssID, UserID, CourseID,Grade,date_submit) VALUES ('1276','52','3003','31','1988-02-12');
INSERT INTO Assignment (AssID, UserID, CourseID,Grade,date_submit) VALUES ('1277','53','3013','46','2001-10-10');
INSERT INTO Assignment (AssID, UserID, CourseID,Grade,date_submit) VALUES ('1278','53','3004','54','1980-09-02');
INSERT INTO Assignment (AssID, UserID, CourseID,Grade,date_submit) VALUES ('1279','53','3020','81','2017-01-30');
INSERT INTO Assignment (AssID, UserID, CourseID,Grade,date_submit) VALUES ('1280','53','3012','80','2002-11-29');
INSERT INTO Assignment (AssID, UserID, CourseID,Grade,date_submit) VALUES ('1281','54','3003','77','2011-01-16');
INSERT INTO Assignment (AssID, UserID, CourseID,Grade,date_submit) VALUES ('1282','54','3008','83','1982-03-25');
INSERT INTO Assignment (AssID, UserID, CourseID,Grade,date_submit) VALUES ('1283','54','3001','78','1990-09-21');
INSERT INTO Assignment (AssID, UserID, CourseID,Grade,date_submit) VALUES ('1284','54','3015','63','1970-01-07');
INSERT INTO Assignment (AssID, UserID, CourseID,Grade,date_submit) VALUES ('1285','54','3020','7','1984-01-04');
INSERT INTO Assignment (AssID, UserID, CourseID,Grade,date_submit) VALUES ('1286','55','3006','91','1988-10-18');
INSERT INTO Assignment (AssID, UserID, CourseID,Grade,date_submit) VALUES ('1287','55','3014','71','2009-05-18');
INSERT INTO Assignment (AssID, UserID, CourseID,Grade,date_submit) VALUES ('1288','55','3015','57','1981-01-16');
INSERT INTO Assignment (AssID, UserID, CourseID,Grade,date_submit) VALUES ('1289','56','3003','12','1987-12-16');
INSERT INTO Assignment (AssID, UserID, CourseID,Grade,date_submit) VALUES ('1290','56','3005','44','1995-08-30');
INSERT INTO Assignment (AssID, UserID, CourseID,Grade,date_submit) VALUES ('1291','56','3010','66','2001-02-05');
INSERT INTO Assignment (AssID, UserID, CourseID,Grade,date_submit) VALUES ('1292','56','3018','49','1990-09-29');
INSERT INTO Assignment (AssID, UserID, CourseID,Grade,date_submit) VALUES ('1293','57','3010','32','1976-10-10');
INSERT INTO Assignment (AssID, UserID, CourseID,Grade,date_submit) VALUES ('1294','57','3009','13','1990-10-16');
INSERT INTO Assignment (AssID, UserID, CourseID,Grade,date_submit) VALUES ('1295','57','3015','76','2024-04-20');
INSERT INTO Assignment (AssID, UserID, CourseID,Grade,date_submit) VALUES ('1296','58','3017','37','2017-12-12');
INSERT INTO Assignment (AssID, UserID, CourseID,Grade,date_submit) VALUES ('1297','58','3006','94','2007-10-09');
INSERT INTO Assignment (AssID, UserID, CourseID,Grade,date_submit) VALUES ('1298','58','3018','0','2000-11-02');
INSERT INTO Assignment (AssID, UserID, CourseID,Grade,date_submit) VALUES ('1299','58','3004','67','1989-02-07');
INSERT INTO Assignment (AssID, UserID, CourseID,Grade,date_submit) VALUES ('1300','59','3001','59','1976-12-16');
INSERT INTO Assignment (AssID, UserID, CourseID,Grade,date_submit) VALUES ('1301','59','3019','98','1983-04-19');
INSERT INTO Assignment (AssID, UserID, CourseID,Grade,date_submit) VALUES ('1302','59','3002','80','1989-03-18');
INSERT INTO Assignment (AssID, UserID, CourseID,Grade,date_submit) VALUES ('1303','59','3017','39','2005-10-25');
INSERT INTO Assignment (AssID, UserID, CourseID,Grade,date_submit) VALUES ('1304','59','3014','12','1987-06-01');
INSERT INTO Assignment (AssID, UserID, CourseID,Grade,date_submit) VALUES ('1305','59','3019','22','2020-08-23');
INSERT INTO Assignment (AssID, UserID, CourseID,Grade,date_submit) VALUES ('1306','60','3012','70','2021-09-13');
INSERT INTO Assignment (AssID, UserID, CourseID,Grade,date_submit) VALUES ('1307','60','3006','32','1974-06-18');
INSERT INTO Assignment (AssID, UserID, CourseID,Grade,date_submit) VALUES ('1308','60','3007','25','2007-11-06');
INSERT INTO Assignment (AssID, UserID, CourseID,Grade,date_submit) VALUES ('1309','60','3016','46','2000-07-09');
INSERT INTO Assignment (AssID, UserID, CourseID,Grade,date_submit) VALUES ('1310','60','3003','31','2008-04-29');
INSERT INTO Assignment (AssID, UserID, CourseID,Grade,date_submit) VALUES ('1311','61','3019','90','1987-02-12');
INSERT INTO Assignment (AssID, UserID, CourseID,Grade,date_submit) VALUES ('1312','61','3005','10','2015-09-09');
INSERT INTO Assignment (AssID, UserID, CourseID,Grade,date_submit) VALUES ('1313','61','3015','55','2015-08-12');
INSERT INTO Assignment (AssID, UserID, CourseID,Grade,date_submit) VALUES ('1314','61','3014','93','2012-03-20');
INSERT INTO Assignment (AssID, UserID, CourseID,Grade,date_submit) VALUES ('1315','62','3012','74','2013-06-27');
INSERT INTO Assignment (AssID, UserID, CourseID,Grade,date_submit) VALUES ('1316','62','3020','6','2005-01-09');
INSERT INTO Assignment (AssID, UserID, CourseID,Grade,date_submit) VALUES ('1317','62','3014','48','1983-12-18');
INSERT INTO Assignment (AssID, UserID, CourseID,Grade,date_submit) VALUES ('1318','62','3007','83','2020-08-02');
INSERT INTO Assignment (AssID, UserID, CourseID,Grade,date_submit) VALUES ('1319','62','3005','42','2000-09-18');
INSERT INTO Assignment (AssID, UserID, CourseID,Grade,date_submit) VALUES ('1320','62','3007','26','2015-01-24');
INSERT INTO Assignment (AssID, UserID, CourseID,Grade,date_submit) VALUES ('1321','63','3012','39','1979-02-20');
INSERT INTO Assignment (AssID, UserID, CourseID,Grade,date_submit) VALUES ('1322','63','3016','64','1998-11-06');
INSERT INTO Assignment (AssID, UserID, CourseID,Grade,date_submit) VALUES ('1323','63','3003','29','2020-02-06');
INSERT INTO Assignment (AssID, UserID, CourseID,Grade,date_submit) VALUES ('1324','63','3010','22','1980-12-01');
INSERT INTO Assignment (AssID, UserID, CourseID,Grade,date_submit) VALUES ('1325','63','3012','3','2015-12-27');
INSERT INTO Assignment (AssID, UserID, CourseID,Grade,date_submit) VALUES ('1326','63','3018','41','2017-11-02');
INSERT INTO Assignment (AssID, UserID, CourseID,Grade,date_submit) VALUES ('1327','64','3010','62','1975-10-01');
INSERT INTO Assignment (AssID, UserID, CourseID,Grade,date_submit) VALUES ('1328','64','3007','36','2016-02-06');
INSERT INTO Assignment (AssID, UserID, CourseID,Grade,date_submit) VALUES ('1329','64','3016','94','2002-09-27');
INSERT INTO Assignment (AssID, UserID, CourseID,Grade,date_submit) VALUES ('1330','64','3018','50','1999-07-23');
INSERT INTO Assignment (AssID, UserID, CourseID,Grade,date_submit) VALUES ('1331','65','3003','62','1983-01-06');
INSERT INTO Assignment (AssID, UserID, CourseID,Grade,date_submit) VALUES ('1332','65','3012','21','2000-10-27');
INSERT INTO Assignment (AssID, UserID, CourseID,Grade,date_submit) VALUES ('1333','65','3005','85','1980-12-29');
INSERT INTO Assignment (AssID, UserID, CourseID,Grade,date_submit) VALUES ('1334','65','3005','85','2014-09-02');
INSERT INTO Assignment (AssID, UserID, CourseID,Grade,date_submit) VALUES ('1335','65','3012','42','1978-08-04');
INSERT INTO Assignment (AssID, UserID, CourseID,Grade,date_submit) VALUES ('1336','65','3014','11','1977-09-05');
INSERT INTO Assignment (AssID, UserID, CourseID,Grade,date_submit) VALUES ('1337','66','3003','95','2020-08-07');
INSERT INTO Assignment (AssID, UserID, CourseID,Grade,date_submit) VALUES ('1338','66','3001','99','2020-07-10');
INSERT INTO Assignment (AssID, UserID, CourseID,Grade,date_submit) VALUES ('1339','66','3012','44','1996-11-15');
INSERT INTO Assignment (AssID, UserID, CourseID,Grade,date_submit) VALUES ('1340','66','3020','46','2016-07-13');
INSERT INTO Assignment (AssID, UserID, CourseID,Grade,date_submit) VALUES ('1341','66','3013','5','1976-08-26');
INSERT INTO Assignment (AssID, UserID, CourseID,Grade,date_submit) VALUES ('1342','66','3006','91','1977-03-31');
INSERT INTO Assignment (AssID, UserID, CourseID,Grade,date_submit) VALUES ('1343','67','3004','35','1971-04-02');
INSERT INTO Assignment (AssID, UserID, CourseID,Grade,date_submit) VALUES ('1344','67','3009','16','1970-12-31');
INSERT INTO Assignment (AssID, UserID, CourseID,Grade,date_submit) VALUES ('1345','67','3010','13','1983-07-29');
INSERT INTO Assignment (AssID, UserID, CourseID,Grade,date_submit) VALUES ('1346','67','3008','100','1984-06-05');
INSERT INTO Assignment (AssID, UserID, CourseID,Grade,date_submit) VALUES ('1347','67','3007','38','1999-08-27');
INSERT INTO Assignment (AssID, UserID, CourseID,Grade,date_submit) VALUES ('1348','68','3020','51','2011-12-16');
INSERT INTO Assignment (AssID, UserID, CourseID,Grade,date_submit) VALUES ('1349','68','3003','54','1995-05-01');
INSERT INTO Assignment (AssID, UserID, CourseID,Grade,date_submit) VALUES ('1350','68','3018','56','1999-08-19');
INSERT INTO Assignment (AssID, UserID, CourseID,Grade,date_submit) VALUES ('1351','68','3006','62','2001-01-26');
INSERT INTO Assignment (AssID, UserID, CourseID,Grade,date_submit) VALUES ('1352','68','3007','66','1987-09-13');
INSERT INTO Assignment (AssID, UserID, CourseID,Grade,date_submit) VALUES ('1353','68','3019','91','1982-09-16');
INSERT INTO Assignment (AssID, UserID, CourseID,Grade,date_submit) VALUES ('1354','69','3006','48','2012-09-25');
INSERT INTO Assignment (AssID, UserID, CourseID,Grade,date_submit) VALUES ('1355','69','3008','4','1999-07-17');
INSERT INTO Assignment (AssID, UserID, CourseID,Grade,date_submit) VALUES ('1356','69','3018','77','1982-06-18');
INSERT INTO Assignment (AssID, UserID, CourseID,Grade,date_submit) VALUES ('1357','70','3017','4','1997-02-20');
INSERT INTO Assignment (AssID, UserID, CourseID,Grade,date_submit) VALUES ('1358','70','3019','92','2013-07-02');
INSERT INTO Assignment (AssID, UserID, CourseID,Grade,date_submit) VALUES ('1359','70','3001','88','1977-10-12');
INSERT INTO Assignment (AssID, UserID, CourseID,Grade,date_submit) VALUES ('1360','70','3007','52','1992-08-08');
INSERT INTO Assignment (AssID, UserID, CourseID,Grade,date_submit) VALUES ('1361','70','3005','84','1976-03-23');
INSERT INTO Assignment (AssID, UserID, CourseID,Grade,date_submit) VALUES ('1362','70','3002','21','1998-08-18');
INSERT INTO Assignment (AssID, UserID, CourseID,Grade,date_submit) VALUES ('1363','71','3005','80','1987-04-22');
INSERT INTO Assignment (AssID, UserID, CourseID,Grade,date_submit) VALUES ('1364','71','3013','20','1978-05-06');
INSERT INTO Assignment (AssID, UserID, CourseID,Grade,date_submit) VALUES ('1365','71','3004','52','2000-04-12');
INSERT INTO Assignment (AssID, UserID, CourseID,Grade,date_submit) VALUES ('1366','71','3016','12','1970-01-26');
INSERT INTO Assignment (AssID, UserID, CourseID,Grade,date_submit) VALUES ('1367','71','3020','10','2023-12-21');
INSERT INTO Assignment (AssID, UserID, CourseID,Grade,date_submit) VALUES ('1368','71','3003','94','1979-01-03');
INSERT INTO Assignment (AssID, UserID, CourseID,Grade,date_submit) VALUES ('1369','72','3012','24','2002-10-08');
INSERT INTO Assignment (AssID, UserID, CourseID,Grade,date_submit) VALUES ('1370','72','3010','68','2014-04-27');
INSERT INTO Assignment (AssID, UserID, CourseID,Grade,date_submit) VALUES ('1371','72','3014','68','1995-10-18');
INSERT INTO Assignment (AssID, UserID, CourseID,Grade,date_submit) VALUES ('1372','72','3015','4','1997-11-25');
INSERT INTO Assignment (AssID, UserID, CourseID,Grade,date_submit) VALUES ('1373','73','3020','72','2007-05-05');
INSERT INTO Assignment (AssID, UserID, CourseID,Grade,date_submit) VALUES ('1374','73','3004','30','1979-05-05');
INSERT INTO Assignment (AssID, UserID, CourseID,Grade,date_submit) VALUES ('1375','73','3001','67','1992-02-21');
INSERT INTO Assignment (AssID, UserID, CourseID,Grade,date_submit) VALUES ('1376','73','3013','17','2008-03-16');
INSERT INTO Assignment (AssID, UserID, CourseID,Grade,date_submit) VALUES ('1377','74','3020','16','2019-04-14');
INSERT INTO Assignment (AssID, UserID, CourseID,Grade,date_submit) VALUES ('1378','74','3005','77','2013-02-04');
INSERT INTO Assignment (AssID, UserID, CourseID,Grade,date_submit) VALUES ('1379','74','3014','61','1987-12-30');
INSERT INTO Assignment (AssID, UserID, CourseID,Grade,date_submit) VALUES ('1380','74','3005','7','2011-03-18');
INSERT INTO Assignment (AssID, UserID, CourseID,Grade,date_submit) VALUES ('1381','74','3002','78','2007-10-18');
INSERT INTO Assignment (AssID, UserID, CourseID,Grade,date_submit) VALUES ('1382','75','3017','11','1991-03-07');
INSERT INTO Assignment (AssID, UserID, CourseID,Grade,date_submit) VALUES ('1383','75','3015','75','1992-08-21');
INSERT INTO Assignment (AssID, UserID, CourseID,Grade,date_submit) VALUES ('1384','75','3003','3','1986-10-11');
INSERT INTO Assignment (AssID, UserID, CourseID,Grade,date_submit) VALUES ('1385','75','3015','68','1978-11-08');
INSERT INTO Assignment (AssID, UserID, CourseID,Grade,date_submit) VALUES ('1386','76','3011','70','2018-03-30');
INSERT INTO Assignment (AssID, UserID, CourseID,Grade,date_submit) VALUES ('1387','76','3004','95','1987-09-14');
INSERT INTO Assignment (AssID, UserID, CourseID,Grade,date_submit) VALUES ('1388','76','3018','6','2003-09-05');
INSERT INTO Assignment (AssID, UserID, CourseID,Grade,date_submit) VALUES ('1389','76','3004','20','1993-02-14');
INSERT INTO Assignment (AssID, UserID, CourseID,Grade,date_submit) VALUES ('1390','76','3012','15','2018-07-06');
INSERT INTO Assignment (AssID, UserID, CourseID,Grade,date_submit) VALUES ('1391','76','3009','37','2001-05-16');
INSERT INTO Assignment (AssID, UserID, CourseID,Grade,date_submit) VALUES ('1392','77','3011','26','1999-03-24');
INSERT INTO Assignment (AssID, UserID, CourseID,Grade,date_submit) VALUES ('1393','77','3001','71','2006-06-15');
INSERT INTO Assignment (AssID, UserID, CourseID,Grade,date_submit) VALUES ('1394','77','3010','20','1976-07-10');
INSERT INTO Assignment (AssID, UserID, CourseID,Grade,date_submit) VALUES ('1395','78','3009','40','1997-03-13');
INSERT INTO Assignment (AssID, UserID, CourseID,Grade,date_submit) VALUES ('1396','78','3004','99','2016-01-05');
INSERT INTO Assignment (AssID, UserID, CourseID,Grade,date_submit) VALUES ('1397','78','3012','9','1995-07-24');
INSERT INTO Assignment (AssID, UserID, CourseID,Grade,date_submit) VALUES ('1398','78','3009','40','1980-04-19');
INSERT INTO Assignment (AssID, UserID, CourseID,Grade,date_submit) VALUES ('1399','78','3004','49','2002-07-09');
INSERT INTO Assignment (AssID, UserID, CourseID,Grade,date_submit) VALUES ('1400','78','3005','39','2020-11-24');
INSERT INTO Assignment (AssID, UserID, CourseID,Grade,date_submit) VALUES ('1401','79','3003','14','1978-03-11');
INSERT INTO Assignment (AssID, UserID, CourseID,Grade,date_submit) VALUES ('1402','79','3003','92','1997-05-10');
INSERT INTO Assignment (AssID, UserID, CourseID,Grade,date_submit) VALUES ('1403','79','3009','75','1983-11-19');
INSERT INTO Assignment (AssID, UserID, CourseID,Grade,date_submit) VALUES ('1404','80','3002','81','1982-07-15');
INSERT INTO Assignment (AssID, UserID, CourseID,Grade,date_submit) VALUES ('1405','80','3007','91','2000-09-30');
INSERT INTO Assignment (AssID, UserID, CourseID,Grade,date_submit) VALUES ('1406','80','3012','8','1978-04-09');
INSERT INTO Assignment (AssID, UserID, CourseID,Grade,date_submit) VALUES ('1407','80','3009','88','2011-06-23');
INSERT INTO Assignment (AssID, UserID, CourseID,Grade,date_submit) VALUES ('1408','80','3017','60','2012-03-14');
INSERT INTO Assignment (AssID, UserID, CourseID,Grade,date_submit) VALUES ('1409','80','3014','95','1988-12-05');
INSERT INTO Assignment (AssID, UserID, CourseID,Grade,date_submit) VALUES ('1410','81','3008','71','1989-12-28');
INSERT INTO Assignment (AssID, UserID, CourseID,Grade,date_submit) VALUES ('1411','81','3004','84','2010-06-27');
INSERT INTO Assignment (AssID, UserID, CourseID,Grade,date_submit) VALUES ('1412','81','3016','0','1971-07-30');
INSERT INTO Assignment (AssID, UserID, CourseID,Grade,date_submit) VALUES ('1413','82','3001','26','1985-01-06');
INSERT INTO Assignment (AssID, UserID, CourseID,Grade,date_submit) VALUES ('1414','82','3006','7','1990-07-12');
INSERT INTO Assignment (AssID, UserID, CourseID,Grade,date_submit) VALUES ('1415','82','3019','77','2016-03-02');
INSERT INTO Assignment (AssID, UserID, CourseID,Grade,date_submit) VALUES ('1416','82','3016','84','1983-07-22');
INSERT INTO Assignment (AssID, UserID, CourseID,Grade,date_submit) VALUES ('1417','82','3013','27','1979-12-01');
INSERT INTO Assignment (AssID, UserID, CourseID,Grade,date_submit) VALUES ('1418','83','3005','62','1977-01-02');
INSERT INTO Assignment (AssID, UserID, CourseID,Grade,date_submit) VALUES ('1419','83','3015','68','2007-03-15');
INSERT INTO Assignment (AssID, UserID, CourseID,Grade,date_submit) VALUES ('1420','83','3019','55','1997-02-15');
INSERT INTO Assignment (AssID, UserID, CourseID,Grade,date_submit) VALUES ('1421','83','3012','3','1997-01-05');
INSERT INTO Assignment (AssID, UserID, CourseID,Grade,date_submit) VALUES ('1422','83','3019','64','1996-07-07');
INSERT INTO Assignment (AssID, UserID, CourseID,Grade,date_submit) VALUES ('1423','83','3016','37','2009-10-04');
INSERT INTO Assignment (AssID, UserID, CourseID,Grade,date_submit) VALUES ('1424','84','3016','38','1997-10-30');
INSERT INTO Assignment (AssID, UserID, CourseID,Grade,date_submit) VALUES ('1425','84','3016','16','1991-08-30');
INSERT INTO Assignment (AssID, UserID, CourseID,Grade,date_submit) VALUES ('1426','84','3010','74','2010-01-29');
INSERT INTO Assignment (AssID, UserID, CourseID,Grade,date_submit) VALUES ('1427','84','3010','59','2021-03-06');
INSERT INTO Assignment (AssID, UserID, CourseID,Grade,date_submit) VALUES ('1428','84','3012','86','1990-02-25');
INSERT INTO Assignment (AssID, UserID, CourseID,Grade,date_submit) VALUES ('1429','84','3002','73','2004-09-02');
INSERT INTO Assignment (AssID, UserID, CourseID,Grade,date_submit) VALUES ('1430','85','3014','85','1973-10-30');
INSERT INTO Assignment (AssID, UserID, CourseID,Grade,date_submit) VALUES ('1431','85','3005','2','2003-04-12');
INSERT INTO Assignment (AssID, UserID, CourseID,Grade,date_submit) VALUES ('1432','85','3017','33','1990-10-05');
INSERT INTO Assignment (AssID, UserID, CourseID,Grade,date_submit) VALUES ('1433','85','3012','86','1990-09-13');
INSERT INTO Assignment (AssID, UserID, CourseID,Grade,date_submit) VALUES ('1434','86','3010','43','2020-09-20');
INSERT INTO Assignment (AssID, UserID, CourseID,Grade,date_submit) VALUES ('1435','86','3006','64','1975-09-02');
INSERT INTO Assignment (AssID, UserID, CourseID,Grade,date_submit) VALUES ('1436','86','3001','40','2018-09-22');
INSERT INTO Assignment (AssID, UserID, CourseID,Grade,date_submit) VALUES ('1437','86','3011','93','1978-07-22');
INSERT INTO Assignment (AssID, UserID, CourseID,Grade,date_submit) VALUES ('1438','87','3017','30','1976-08-20');
INSERT INTO Assignment (AssID, UserID, CourseID,Grade,date_submit) VALUES ('1439','87','3015','7','1977-11-23');
INSERT INTO Assignment (AssID, UserID, CourseID,Grade,date_submit) VALUES ('1440','87','3001','43','1982-03-27');
INSERT INTO Assignment (AssID, UserID, CourseID,Grade,date_submit) VALUES ('1441','87','3018','68','1987-04-17');
INSERT INTO Assignment (AssID, UserID, CourseID,Grade,date_submit) VALUES ('1442','87','3015','57','2000-09-17');
INSERT INTO Assignment (AssID, UserID, CourseID,Grade,date_submit) VALUES ('1443','87','3001','63','2021-12-11');
INSERT INTO Assignment (AssID, UserID, CourseID,Grade,date_submit) VALUES ('1444','88','3012','91','1988-10-07');
INSERT INTO Assignment (AssID, UserID, CourseID,Grade,date_submit) VALUES ('1445','88','3018','77','1984-03-16');
INSERT INTO Assignment (AssID, UserID, CourseID,Grade,date_submit) VALUES ('1446','88','3013','75','1979-07-21');
INSERT INTO Assignment (AssID, UserID, CourseID,Grade,date_submit) VALUES ('1447','88','3004','3','2016-08-01');
INSERT INTO Assignment (AssID, UserID, CourseID,Grade,date_submit) VALUES ('1448','88','3009','91','1996-02-20');
INSERT INTO Assignment (AssID, UserID, CourseID,Grade,date_submit) VALUES ('1449','89','3004','86','2023-05-11');
INSERT INTO Assignment (AssID, UserID, CourseID,Grade,date_submit) VALUES ('1450','89','3017','48','2006-11-05');
INSERT INTO Assignment (AssID, UserID, CourseID,Grade,date_submit) VALUES ('1451','89','3007','58','1981-12-01');
INSERT INTO Assignment (AssID, UserID, CourseID,Grade,date_submit) VALUES ('1452','89','3016','31','2005-09-09');
INSERT INTO Assignment (AssID, UserID, CourseID,Grade,date_submit) VALUES ('1453','90','3012','20','2020-09-26');
INSERT INTO Assignment (AssID, UserID, CourseID,Grade,date_submit) VALUES ('1454','90','3008','95','1992-07-30');
INSERT INTO Assignment (AssID, UserID, CourseID,Grade,date_submit) VALUES ('1455','90','3016','47','2002-01-09');
INSERT INTO Assignment (AssID, UserID, CourseID,Grade,date_submit) VALUES ('1456','91','3003','68','2002-09-14');
INSERT INTO Assignment (AssID, UserID, CourseID,Grade,date_submit) VALUES ('1457','91','3001','37','2005-08-04');
INSERT INTO Assignment (AssID, UserID, CourseID,Grade,date_submit) VALUES ('1458','91','3007','59','1981-06-12');
INSERT INTO Assignment (AssID, UserID, CourseID,Grade,date_submit) VALUES ('1459','91','3008','85','2016-04-03');
INSERT INTO Assignment (AssID, UserID, CourseID,Grade,date_submit) VALUES ('1460','91','3005','46','1977-12-15');
INSERT INTO Assignment (AssID, UserID, CourseID,Grade,date_submit) VALUES ('1461','92','3003','40','2021-01-13');
INSERT INTO Assignment (AssID, UserID, CourseID,Grade,date_submit) VALUES ('1462','92','3003','1','1997-09-15');
INSERT INTO Assignment (AssID, UserID, CourseID,Grade,date_submit) VALUES ('1463','92','3006','53','1972-04-15');
INSERT INTO Assignment (AssID, UserID, CourseID,Grade,date_submit) VALUES ('1464','92','3006','33','2008-04-19');
INSERT INTO Assignment (AssID, UserID, CourseID,Grade,date_submit) VALUES ('1465','92','3003','85','1993-08-27');
INSERT INTO Assignment (AssID, UserID, CourseID,Grade,date_submit) VALUES ('1466','93','3009','9','2002-12-29');
INSERT INTO Assignment (AssID, UserID, CourseID,Grade,date_submit) VALUES ('1467','93','3015','79','2010-12-14');
INSERT INTO Assignment (AssID, UserID, CourseID,Grade,date_submit) VALUES ('1468','93','3009','48','2024-02-17');
INSERT INTO Assignment (AssID, UserID, CourseID,Grade,date_submit) VALUES ('1469','94','3015','65','2006-09-01');
INSERT INTO Assignment (AssID, UserID, CourseID,Grade,date_submit) VALUES ('1470','94','3009','44','2007-02-21');
INSERT INTO Assignment (AssID, UserID, CourseID,Grade,date_submit) VALUES ('1471','94','3010','90','1989-04-20');
INSERT INTO Assignment (AssID, UserID, CourseID,Grade,date_submit) VALUES ('1472','95','3011','43','2023-05-14');
INSERT INTO Assignment (AssID, UserID, CourseID,Grade,date_submit) VALUES ('1473','95','3010','18','1980-05-13');
INSERT INTO Assignment (AssID, UserID, CourseID,Grade,date_submit) VALUES ('1474','95','3009','65','2021-07-06');
INSERT INTO Assignment (AssID, UserID, CourseID,Grade,date_submit) VALUES ('1475','95','3019','10','1976-04-30');
INSERT INTO Assignment (AssID, UserID, CourseID,Grade,date_submit) VALUES ('1476','95','3018','57','1974-05-20');
INSERT INTO Assignment (AssID, UserID, CourseID,Grade,date_submit) VALUES ('1477','96','3001','97','2010-08-17');
INSERT INTO Assignment (AssID, UserID, CourseID,Grade,date_submit) VALUES ('1478','96','3017','45','2009-12-20');
INSERT INTO Assignment (AssID, UserID, CourseID,Grade,date_submit) VALUES ('1479','96','3008','100','2002-10-29');
INSERT INTO Assignment (AssID, UserID, CourseID,Grade,date_submit) VALUES ('1480','97','3020','55','2016-12-29');
INSERT INTO Assignment (AssID, UserID, CourseID,Grade,date_submit) VALUES ('1481','97','3015','40','2013-05-25');
INSERT INTO Assignment (AssID, UserID, CourseID,Grade,date_submit) VALUES ('1482','97','3010','39','2005-01-21');
INSERT INTO Assignment (AssID, UserID, CourseID,Grade,date_submit) VALUES ('1483','97','3011','84','2011-08-25');
INSERT INTO Assignment (AssID, UserID, CourseID,Grade,date_submit) VALUES ('1484','97','3003','13','1999-01-08');
INSERT INTO Assignment (AssID, UserID, CourseID,Grade,date_submit) VALUES ('1485','98','3012','30','1989-12-18');
INSERT INTO Assignment (AssID, UserID, CourseID,Grade,date_submit) VALUES ('1486','98','3018','49','2003-09-20');
INSERT INTO Assignment (AssID, UserID, CourseID,Grade,date_submit) VALUES ('1487','98','3009','55','2017-09-06');
INSERT INTO Assignment (AssID, UserID, CourseID,Grade,date_submit) VALUES ('1488','98','3002','75','1995-05-18');
INSERT INTO Assignment (AssID, UserID, CourseID,Grade,date_submit) VALUES ('1489','98','3015','9','2008-08-19');
INSERT INTO Assignment (AssID, UserID, CourseID,Grade,date_submit) VALUES ('1490','98','3012','56','1987-06-29');
INSERT INTO Assignment (AssID, UserID, CourseID,Grade,date_submit) VALUES ('1491','99','3018','76','1977-02-19');
INSERT INTO Assignment (AssID, UserID, CourseID,Grade,date_submit) VALUES ('1492','99','3010','53','1985-02-11');
INSERT INTO Assignment (AssID, UserID, CourseID,Grade,date_submit) VALUES ('1493','99','3014','99','1978-06-23');
INSERT INTO Assignment (AssID, UserID, CourseID,Grade,date_submit) VALUES ('1494','99','3007','57','1978-04-08');
INSERT INTO Assignment (AssID, UserID, CourseID,Grade,date_submit) VALUES ('1495','99','3013','16','1978-07-26');
INSERT INTO Assignment (AssID, UserID, CourseID,Grade,date_submit) VALUES ('1496','99','3010','24','1973-12-02');
INSERT INTO Assignment (AssID, UserID, CourseID,Grade,date_submit) VALUES ('1497','100','3002','24','1989-11-12');
INSERT INTO Assignment (AssID, UserID, CourseID,Grade,date_submit) VALUES ('1498','100','3016','92','1992-07-15');
INSERT INTO Assignment (AssID, UserID, CourseID,Grade,date_submit) VALUES ('1499','100','3007','56','2004-01-29');
INSERT INTO Assignment (AssID, UserID, CourseID,Grade,date_submit) VALUES ('1500','100','3012','83','2021-02-11');
INSERT INTO Event (EventID, CourseID, EventName, Duedate) VALUES ('2223','3001','Assignment 1','2004-04-24');
INSERT INTO Event (EventID, CourseID, EventName, Duedate) VALUES ('2223','3002','Assignment 1','1999-07-10');
INSERT INTO Event (EventID, CourseID, EventName, Duedate) VALUES ('2223','3003','Assignment 1','1990-02-23');
INSERT INTO Event (EventID, CourseID, EventName, Duedate) VALUES ('2223','3004','Assignment 1','2008-01-07');
INSERT INTO Event (EventID, CourseID, EventName, Duedate) VALUES ('2223','3005','Assignment 1','1992-07-23');
INSERT INTO Event (EventID, CourseID, EventName, Duedate) VALUES ('2223','3006','Assignment 1','1981-07-13');
INSERT INTO Event (EventID, CourseID, EventName, Duedate) VALUES ('2223','3007','Assignment 1','2002-06-17');
INSERT INTO Event (EventID, CourseID, EventName, Duedate) VALUES ('2223','3008','Assignment 1','1974-04-07');
INSERT INTO Event (EventID, CourseID, EventName, Duedate) VALUES ('2223','3009','Assignment 1','2024-02-16');
INSERT INTO Event (EventID, CourseID, EventName, Duedate) VALUES ('2223','3010','Assignment 1','1980-09-21');
INSERT INTO Event (EventID, CourseID, EventName, Duedate) VALUES ('2223','3011','Assignment 1','2004-06-25');
INSERT INTO Event (EventID, CourseID, EventName, Duedate) VALUES ('2223','3012','Assignment 1','1996-08-23');
INSERT INTO Event (EventID, CourseID, EventName, Duedate) VALUES ('2223','3013','Assignment 1','2016-11-09');
INSERT INTO Event (EventID, CourseID, EventName, Duedate) VALUES ('2223','3014','Assignment 1','2015-06-13');
INSERT INTO Event (EventID, CourseID, EventName, Duedate) VALUES ('2223','3015','Assignment 1','1984-11-10');
INSERT INTO Event (EventID, CourseID, EventName, Duedate) VALUES ('2223','3016','Assignment 1','2020-07-12');
INSERT INTO Event (EventID, CourseID, EventName, Duedate) VALUES ('2223','3017','Assignment 1','2022-07-21');
INSERT INTO Event (EventID, CourseID, EventName, Duedate) VALUES ('2223','3018','Assignment 1','2003-10-14');
INSERT INTO Event (EventID, CourseID, EventName, Duedate) VALUES ('2223','3019','Assignment 1','2023-09-14');
INSERT INTO Event (EventID, CourseID, EventName, Duedate) VALUES ('2223','3020','Assignment 1','2008-07-06');
INSERT INTO Forum (ForumID, CourseID, ForumName) VALUES ('0','3001','What do you think about#f95eea');
INSERT INTO Forum (ForumID, CourseID, ForumName) VALUES ('1','3002','What do you think about#c4921d');
INSERT INTO Forum (ForumID, CourseID, ForumName) VALUES ('2','3004','What do you think about#6fb211');
INSERT INTO Forum (ForumID, CourseID, ForumName) VALUES ('3','3005','What do you think about#db626e');
INSERT INTO Forum (ForumID, CourseID, ForumName) VALUES ('4','3002','What do you think about#05a81d');
INSERT INTO Thread (ThreadID, ForumID, Title, Body,created_by) VALUES ('134','0','Beat discussion skill news political show space accept apply expert heart.','Reflect participant recognize Republican be pull choose worry month hair financial while happy officer network rich catch change long hold situation can toward interesting necessary figure lot a class leg state section lawyer line wish owner camera source work everybody American cover dark a author financial ten my seek role my police us hot amount speak look perform draw figure though.','64');
INSERT INTO Thread (ThreadID, ForumID, Title, Body,created_by) VALUES ('177','1','Believe concern government force book share.','City industry character down contain music build executive bank pay remember never information bit threat fire along whom trouble pass spring different involve wife board amount long staff certain loss south half treat section born onto political poor nation.','55');
INSERT INTO Replies (MainThreadID, ReplyID,ReplyBody,created_by) VALUES ('177','370','Shoulder eye participant employee manage add interview reflect effort recent be explain.','5');
INSERT INTO Replies (MainThreadID, ReplyID,ReplyBody,created_by) VALUES ('177','206','Huge itself change fear still child wish key down time bit reach open exist tough nature offer under thousand such place majority wrong turn pretty.','22');
<<<<<<< HEAD
<<<<<<< HEAD
=======
>>>>>>> parent of bf1b4f1 (working in progress)
>>>>>>> parent of dc9f70b (updated login works)
=======
>>>>>>> parent of bf1b4f1 (working in progress)
